{
"meta":{"test_sets":[],"test_metrics":[],"learn_metrics":[{"best_value":"Min","name":"RMSE"}],"launch_mode":"Train","parameters":"","iteration_count":1000,"learn_sets":["learn"],"name":"experiment"},
"iterations":[
{"learn":[0.9122356758],"iteration":0,"passed_time":0.0009224525421,"remaining_time":0.9215300895},
{"learn":[0.9007625981],"iteration":1,"passed_time":0.001466618196,"remaining_time":0.7318424796},
{"learn":[0.8893089137],"iteration":2,"passed_time":0.001962767713,"remaining_time":0.6522931367},
{"learn":[0.8778168664],"iteration":3,"passed_time":0.002596935241,"remaining_time":0.6466368751},
{"learn":[0.8646512879],"iteration":4,"passed_time":0.003090707037,"remaining_time":0.6150507003},
{"learn":[0.8544780623],"iteration":5,"passed_time":0.003741258345,"remaining_time":0.6198017991},
{"learn":[0.843146674],"iteration":6,"passed_time":0.003979438608,"remaining_time":0.564511791},
{"learn":[0.8305530339],"iteration":7,"passed_time":0.004418312968,"remaining_time":0.547870808},
{"learn":[0.8195353187],"iteration":8,"passed_time":0.005180829449,"remaining_time":0.5704668871},
{"learn":[0.8086382697],"iteration":9,"passed_time":0.005669670013,"remaining_time":0.5612973313},
{"learn":[0.797184202],"iteration":10,"passed_time":0.006353385302,"remaining_time":0.5712270967},
{"learn":[0.7865508996],"iteration":11,"passed_time":0.006956861872,"remaining_time":0.5727816275},
{"learn":[0.7761041387],"iteration":12,"passed_time":0.007472045982,"remaining_time":0.5673007219},
{"learn":[0.7662270039],"iteration":13,"passed_time":0.007771059177,"remaining_time":0.5473045963},
{"learn":[0.7587491738],"iteration":14,"passed_time":0.0081797327,"remaining_time":0.5371357806},
{"learn":[0.7517001968],"iteration":15,"passed_time":0.008663343316,"remaining_time":0.5327956139},
{"learn":[0.7427185974],"iteration":16,"passed_time":0.009008610377,"remaining_time":0.5209096471},
{"learn":[0.7332707816],"iteration":17,"passed_time":0.009453270875,"remaining_time":0.5157284444},
{"learn":[0.7259758535],"iteration":18,"passed_time":0.01007852815,"remaining_time":0.5203703219},
{"learn":[0.7158554976],"iteration":19,"passed_time":0.01072995118,"remaining_time":0.525767608},
{"learn":[0.7083420373],"iteration":20,"passed_time":0.01136959092,"remaining_time":0.5300395003},
{"learn":[0.6995507763],"iteration":21,"passed_time":0.01194333635,"remaining_time":0.5309355886},
{"learn":[0.6900773193],"iteration":22,"passed_time":0.01254895639,"remaining_time":0.5330578433},
{"learn":[0.6809912758],"iteration":23,"passed_time":0.01314220571,"remaining_time":0.5344496991},
{"learn":[0.6733832625],"iteration":24,"passed_time":0.01337762064,"remaining_time":0.5217272051},
{"learn":[0.6660704561],"iteration":25,"passed_time":0.01377677767,"remaining_time":0.5160992866},
{"learn":[0.6576023651],"iteration":26,"passed_time":0.0141492548,"remaining_time":0.5098972192},
{"learn":[0.650380939],"iteration":27,"passed_time":0.01446832327,"remaining_time":0.5022575077},
{"learn":[0.6430169174],"iteration":28,"passed_time":0.01492943482,"remaining_time":0.4998786623},
{"learn":[0.6347144438],"iteration":29,"passed_time":0.01535708967,"remaining_time":0.4965458995},
{"learn":[0.6272519413],"iteration":30,"passed_time":0.01583248718,"remaining_time":0.4948929057},
{"learn":[0.6202003033],"iteration":31,"passed_time":0.01642182755,"remaining_time":0.4967602835},
{"learn":[0.614315071],"iteration":32,"passed_time":0.01720742372,"remaining_time":0.5042296586},
{"learn":[0.6070018469],"iteration":33,"passed_time":0.01773096589,"remaining_time":0.503768031},
{"learn":[0.5996541007],"iteration":34,"passed_time":0.01823944289,"remaining_time":0.5028874968},
{"learn":[0.5934295323],"iteration":35,"passed_time":0.01877793292,"remaining_time":0.5028313149},
{"learn":[0.5867337277],"iteration":36,"passed_time":0.01931208275,"remaining_time":0.5026360997},
{"learn":[0.5797838022],"iteration":37,"passed_time":0.01986367508,"remaining_time":0.5028646165},
{"learn":[0.5731736889],"iteration":38,"passed_time":0.02022525224,"remaining_time":0.4983709592},
{"learn":[0.5662945634],"iteration":39,"passed_time":0.02078039755,"remaining_time":0.4987295411},
{"learn":[0.5601622313],"iteration":40,"passed_time":0.02118011357,"remaining_time":0.4954080222},
{"learn":[0.5535625897],"iteration":41,"passed_time":0.02219138072,"remaining_time":0.506174827},
{"learn":[0.5474295184],"iteration":42,"passed_time":0.022859817,"remaining_time":0.5087638342},
{"learn":[0.5426524273],"iteration":43,"passed_time":0.02348326716,"remaining_time":0.5102273502},
{"learn":[0.5368717366],"iteration":44,"passed_time":0.02407644281,"remaining_time":0.5109556195},
{"learn":[0.5298049227],"iteration":45,"passed_time":0.02444466422,"remaining_time":0.5069610796},
{"learn":[0.5238585169],"iteration":46,"passed_time":0.02494791206,"remaining_time":0.5058587276},
{"learn":[0.5177742446],"iteration":47,"passed_time":0.02551133495,"remaining_time":0.5059748098},
{"learn":[0.5135827789],"iteration":48,"passed_time":0.02598595643,"remaining_time":0.5043396849},
{"learn":[0.5083333516],"iteration":49,"passed_time":0.02647264271,"remaining_time":0.5029802114},
{"learn":[0.5025988547],"iteration":50,"passed_time":0.02699786707,"remaining_time":0.5023720754},
{"learn":[0.4974955775],"iteration":51,"passed_time":0.02745202124,"remaining_time":0.5004714641},
{"learn":[0.4930031921],"iteration":52,"passed_time":0.0277190537,"remaining_time":0.4952819596},
{"learn":[0.4875124728],"iteration":53,"passed_time":0.02850527974,"remaining_time":0.499370271},
{"learn":[0.4831201772],"iteration":54,"passed_time":0.02914310234,"remaining_time":0.5007314857},
{"learn":[0.4772090134],"iteration":55,"passed_time":0.02975846192,"remaining_time":0.5016426438},
{"learn":[0.472340448],"iteration":56,"passed_time":0.03031040502,"remaining_time":0.5014510866},
{"learn":[0.4667658313],"iteration":57,"passed_time":0.03083316877,"remaining_time":0.5007731894},
{"learn":[0.4624792073],"iteration":58,"passed_time":0.03128241253,"remaining_time":0.4989279694},
{"learn":[0.4582562881],"iteration":59,"passed_time":0.03175915466,"remaining_time":0.4975600897},
{"learn":[0.4536665483],"iteration":60,"passed_time":0.03223282874,"remaining_time":0.4961741998},
{"learn":[0.4494249126],"iteration":61,"passed_time":0.03253687247,"remaining_time":0.4922513932},
{"learn":[0.4456007301],"iteration":62,"passed_time":0.03304052154,"remaining_time":0.4914122014},
{"learn":[0.4403697391],"iteration":63,"passed_time":0.03354292169,"remaining_time":0.4905652297},
{"learn":[0.4360628309],"iteration":64,"passed_time":0.03400977974,"remaining_time":0.4892176008},
{"learn":[0.4326180512],"iteration":65,"passed_time":0.03481802793,"remaining_time":0.4927278498},
{"learn":[0.428624342],"iteration":66,"passed_time":0.03547736376,"remaining_time":0.4940355281},
{"learn":[0.4244379199],"iteration":67,"passed_time":0.03622003879,"remaining_time":0.4964275905},
{"learn":[0.421040674],"iteration":68,"passed_time":0.03689861262,"remaining_time":0.4978638892},
{"learn":[0.4167030874],"iteration":69,"passed_time":0.03737563345,"remaining_time":0.4965619873},
{"learn":[0.413397329],"iteration":70,"passed_time":0.03784972957,"remaining_time":0.4952450532},
{"learn":[0.4094184729],"iteration":71,"passed_time":0.03840415972,"remaining_time":0.4949869475},
{"learn":[0.404978306],"iteration":72,"passed_time":0.03883256457,"remaining_time":0.4931203748},
{"learn":[0.4015555363],"iteration":73,"passed_time":0.03929513607,"remaining_time":0.4917202162},
{"learn":[0.3975419988],"iteration":74,"passed_time":0.03975847638,"remaining_time":0.490354542},
{"learn":[0.3932661313],"iteration":75,"passed_time":0.04027277956,"remaining_time":0.4896322146},
{"learn":[0.3891978701],"iteration":76,"passed_time":0.04081971014,"remaining_time":0.4893063956},
{"learn":[0.385375674],"iteration":77,"passed_time":0.04162032104,"remaining_time":0.4919735384},
{"learn":[0.3825827396],"iteration":78,"passed_time":0.0422042813,"remaining_time":0.4920271276},
{"learn":[0.3794895413],"iteration":79,"passed_time":0.04276678441,"remaining_time":0.4918180207},
{"learn":[0.3756342777],"iteration":80,"passed_time":0.04328464336,"remaining_time":0.4910936697},
{"learn":[0.3714343734],"iteration":81,"passed_time":0.0437861906,"remaining_time":0.4901917436},
{"learn":[0.368560867],"iteration":82,"passed_time":0.04468049689,"remaining_time":0.4936387427},
{"learn":[0.3654376503],"iteration":83,"passed_time":0.04514834158,"remaining_time":0.4923319153},
{"learn":[0.361949982],"iteration":84,"passed_time":0.04562644355,"remaining_time":0.4911552453},
{"learn":[0.3580858228],"iteration":85,"passed_time":0.04605408479,"remaining_time":0.4894585291},
{"learn":[0.3554284334],"iteration":86,"passed_time":0.05619184338,"remaining_time":0.5896914138},
{"learn":[0.3523672525],"iteration":87,"passed_time":0.05683450592,"remaining_time":0.5890121522},
{"learn":[0.3494072515],"iteration":88,"passed_time":0.05731181905,"remaining_time":0.586641204},
{"learn":[0.3463082926],"iteration":89,"passed_time":0.05771083873,"remaining_time":0.5835207028},
{"learn":[0.3425721776],"iteration":90,"passed_time":0.05826121377,"remaining_time":0.5819719046},
{"learn":[0.3394266096],"iteration":91,"passed_time":0.05874111245,"remaining_time":0.5797492403},
{"learn":[0.336157865],"iteration":92,"passed_time":0.05920671797,"remaining_time":0.5774246581},
{"learn":[0.3338581476],"iteration":93,"passed_time":0.05973527827,"remaining_time":0.5757464054},
{"learn":[0.3306269321],"iteration":94,"passed_time":0.06031753433,"remaining_time":0.5746038797},
{"learn":[0.32754507],"iteration":95,"passed_time":0.06079848212,"remaining_time":0.57251904},
{"learn":[0.3240026419],"iteration":96,"passed_time":0.06133472817,"remaining_time":0.5709820571},
{"learn":[0.3211378362],"iteration":97,"passed_time":0.06200077792,"remaining_time":0.5706602213},
{"learn":[0.3181674381],"iteration":98,"passed_time":0.06243716564,"remaining_time":0.5682412752},
{"learn":[0.3155355266],"iteration":99,"passed_time":0.06300390725,"remaining_time":0.5670351652},
{"learn":[0.3123936228],"iteration":100,"passed_time":0.06351423941,"remaining_time":0.5653396161},
{"learn":[0.3099694575],"iteration":101,"passed_time":0.06400741537,"remaining_time":0.5635162648},
{"learn":[0.3076409291],"iteration":102,"passed_time":0.06447738552,"remaining_time":0.5615166486},
{"learn":[0.3047594397],"iteration":103,"passed_time":0.0649368265,"remaining_time":0.559455736},
{"learn":[0.3016333648],"iteration":104,"passed_time":0.06534574628,"remaining_time":0.5569946945},
{"learn":[0.2994956859],"iteration":105,"passed_time":0.06571185585,"remaining_time":0.5542113126},
{"learn":[0.2968898757],"iteration":106,"passed_time":0.06626664958,"remaining_time":0.5530478325},
{"learn":[0.2943504634],"iteration":107,"passed_time":0.06681366906,"remaining_time":0.5518314148},
{"learn":[0.2919491148],"iteration":108,"passed_time":0.06741668114,"remaining_time":0.5510849807},
{"learn":[0.290007174],"iteration":109,"passed_time":0.06798424001,"remaining_time":0.5500543055},
{"learn":[0.2873464458],"iteration":110,"passed_time":0.06843837416,"remaining_time":0.5481235552},
{"learn":[0.2850622721],"iteration":111,"passed_time":0.06899610099,"remaining_time":0.547040515},
{"learn":[0.2828976035],"iteration":112,"passed_time":0.06945619506,"remaining_time":0.5452003984},
{"learn":[0.2807600528],"iteration":113,"passed_time":0.07008074599,"remaining_time":0.5446626399},
{"learn":[0.2784791215],"iteration":114,"passed_time":0.07064786559,"remaining_time":0.5436814004},
{"learn":[0.2764513744],"iteration":115,"passed_time":0.07118440396,"remaining_time":0.5424742508},
{"learn":[0.2740121905],"iteration":116,"passed_time":0.07172396392,"remaining_time":0.5413013688},
{"learn":[0.2720178268],"iteration":117,"passed_time":0.07243166346,"remaining_time":0.5413959929},
{"learn":[0.2701230976],"iteration":118,"passed_time":0.07299226695,"remaining_time":0.5403881276},
{"learn":[0.2680905717],"iteration":119,"passed_time":0.07355618275,"remaining_time":0.5394120068},
{"learn":[0.2663301146],"iteration":120,"passed_time":0.07411878676,"remaining_time":0.53843317},
{"learn":[0.2643089803],"iteration":121,"passed_time":0.07456286184,"remaining_time":0.5366081369},
{"learn":[0.261281842],"iteration":122,"passed_time":0.07496637669,"remaining_time":0.5345163606},
{"learn":[0.2592607756],"iteration":123,"passed_time":0.07526433156,"remaining_time":0.5317060843},
{"learn":[0.2573986583],"iteration":124,"passed_time":0.0757291082,"remaining_time":0.5301037574},
{"learn":[0.25569235],"iteration":125,"passed_time":0.07623531278,"remaining_time":0.5288068522},
{"learn":[0.25380414],"iteration":126,"passed_time":0.07674832579,"remaining_time":0.5275692001},
{"learn":[0.251900159],"iteration":127,"passed_time":0.07705925082,"remaining_time":0.5249661462},
{"learn":[0.2507045976],"iteration":128,"passed_time":0.07768534739,"remaining_time":0.5245266479},
{"learn":[0.2483452572],"iteration":129,"passed_time":0.07824498906,"remaining_time":0.5236395422},
{"learn":[0.2462383404],"iteration":130,"passed_time":0.07894820784,"remaining_time":0.5237098673},
{"learn":[0.2439204981],"iteration":131,"passed_time":0.07966785004,"remaining_time":0.5238764684},
{"learn":[0.2423746997],"iteration":132,"passed_time":0.08024569542,"remaining_time":0.523105398},
{"learn":[0.2407181338],"iteration":133,"passed_time":0.08067731849,"remaining_time":0.5213922225},
{"learn":[0.2391805716],"iteration":134,"passed_time":0.08110395426,"remaining_time":0.5196660773},
{"learn":[0.2376322428],"iteration":135,"passed_time":0.08160523562,"remaining_time":0.5184332616},
{"learn":[0.2358153847],"iteration":136,"passed_time":0.08209799435,"remaining_time":0.5171574388},
{"learn":[0.2345282855],"iteration":137,"passed_time":0.08261694845,"remaining_time":0.5160565911},
{"learn":[0.2330433712],"iteration":138,"passed_time":0.08312173433,"remaining_time":0.5148763544},
{"learn":[0.2313633254],"iteration":139,"passed_time":0.08389486568,"remaining_time":0.5153541749},
{"learn":[0.2295069137],"iteration":140,"passed_time":0.08441243592,"remaining_time":0.5142573224},
{"learn":[0.2280589922],"iteration":141,"passed_time":0.0849789721,"remaining_time":0.5134644934},
{"learn":[0.2258322185],"iteration":142,"passed_time":0.08580816772,"remaining_time":0.5142489492},
{"learn":[0.2242540181],"iteration":143,"passed_time":0.08646562595,"remaining_time":0.5139901098},
{"learn":[0.2227024106],"iteration":144,"passed_time":0.08706453407,"remaining_time":0.5133805285},
{"learn":[0.2206391195],"iteration":145,"passed_time":0.08754243904,"remaining_time":0.5120633078},
{"learn":[0.2191133753],"iteration":146,"passed_time":0.08782545927,"remaining_time":0.5096266446},
{"learn":[0.2174614006],"iteration":147,"passed_time":0.08835909615,"remaining_time":0.5086618238},
{"learn":[0.2163059857],"iteration":148,"passed_time":0.08880195554,"remaining_time":0.5071843233},
{"learn":[0.2147815325],"iteration":149,"passed_time":0.08928456189,"remaining_time":0.5059458507},
{"learn":[0.213328309],"iteration":150,"passed_time":0.0897645843,"remaining_time":0.5047028614},
{"learn":[0.2121708652],"iteration":151,"passed_time":0.09028120634,"remaining_time":0.5036740985},
{"learn":[0.2105562007],"iteration":152,"passed_time":0.09077695543,"remaining_time":0.5025364787},
{"learn":[0.2093184679],"iteration":153,"passed_time":0.09138536243,"remaining_time":0.5020260819},
{"learn":[0.2084909882],"iteration":154,"passed_time":0.09195262298,"remaining_time":0.5012901059},
{"learn":[0.2070069954],"iteration":155,"passed_time":0.09243823332,"remaining_time":0.5001145444},
{"learn":[0.2058011618],"iteration":156,"passed_time":0.09290505132,"remaining_time":0.4988468679},
{"learn":[0.2043563147],"iteration":157,"passed_time":0.0934069141,"remaining_time":0.4977760865},
{"learn":[0.203149188],"iteration":158,"passed_time":0.09387416016,"remaining_time":0.4965293629},
{"learn":[0.2021896206],"iteration":159,"passed_time":0.09435296007,"remaining_time":0.4953530404},
{"learn":[0.2009533918],"iteration":160,"passed_time":0.09477838496,"remaining_time":0.4939072359},
{"learn":[0.2000898887],"iteration":161,"passed_time":0.09525544743,"remaining_time":0.4927411417},
{"learn":[0.1989791731],"iteration":162,"passed_time":0.0957963212,"remaining_time":0.4919111708},
{"learn":[0.1976057672],"iteration":163,"passed_time":0.0963874811,"remaining_time":0.4913410622},
{"learn":[0.1960783694],"iteration":164,"passed_time":0.09697506001,"remaining_time":0.4907525764},
{"learn":[0.1945327521],"iteration":165,"passed_time":0.09773358906,"remaining_time":0.4910229715},
{"learn":[0.1933685686],"iteration":166,"passed_time":0.09821038204,"remaining_time":0.489875738},
{"learn":[0.1923333946],"iteration":167,"passed_time":0.09882520065,"remaining_time":0.4894200413},
{"learn":[0.1914932624],"iteration":168,"passed_time":0.09930231918,"remaining_time":0.4882853683},
{"learn":[0.190055748],"iteration":169,"passed_time":0.09973488645,"remaining_time":0.4869409162},
{"learn":[0.1886284363],"iteration":170,"passed_time":0.1002085093,"remaining_time":0.4858061648},
{"learn":[0.1878159523],"iteration":171,"passed_time":0.1006543338,"remaining_time":0.4845452813},
{"learn":[0.1865635913],"iteration":172,"passed_time":0.1010419922,"remaining_time":0.4830157663},
{"learn":[0.1853741026],"iteration":173,"passed_time":0.1015663024,"remaining_time":0.4821480793},
{"learn":[0.1843820786],"iteration":174,"passed_time":0.1021460438,"remaining_time":0.4815456351},
{"learn":[0.1829907283],"iteration":175,"passed_time":0.1027360353,"remaining_time":0.4809914379},
{"learn":[0.1821866716],"iteration":176,"passed_time":0.1032300297,"remaining_time":0.4799904771},
{"learn":[0.1810811648],"iteration":177,"passed_time":0.1037414827,"remaining_time":0.4790758357},
{"learn":[0.1799051837],"iteration":178,"passed_time":0.1042995543,"remaining_time":0.4783795198},
{"learn":[0.1789155457],"iteration":179,"passed_time":0.1047818743,"remaining_time":0.4773396497},
{"learn":[0.1779290514],"iteration":180,"passed_time":0.1053043157,"remaining_time":0.4764874838},
{"learn":[0.1764644916],"iteration":181,"passed_time":0.1057433523,"remaining_time":0.4752640777},
{"learn":[0.1754307279],"iteration":182,"passed_time":0.1061804059,"remaining_time":0.4740403913},
{"learn":[0.174439713],"iteration":183,"passed_time":0.1065911508,"remaining_time":0.4727085818},
{"learn":[0.1733308179],"iteration":184,"passed_time":0.1069940098,"remaining_time":0.4713519889},
{"learn":[0.1722737141],"iteration":185,"passed_time":0.1074056096,"remaining_time":0.4700439043},
{"learn":[0.1713588511],"iteration":186,"passed_time":0.1080310907,"remaining_time":0.4696752767},
{"learn":[0.1701648538],"iteration":187,"passed_time":0.1085493565,"remaining_time":0.4688408376},
{"learn":[0.1694677104],"iteration":188,"passed_time":0.1090752055,"remaining_time":0.4680422839},
{"learn":[0.169092438],"iteration":189,"passed_time":0.1095001779,"remaining_time":0.4668165479},
{"learn":[0.1682078601],"iteration":190,"passed_time":0.1099239202,"remaining_time":0.4655939867},
{"learn":[0.167631367],"iteration":191,"passed_time":0.1104524032,"remaining_time":0.4648205303},
{"learn":[0.1665830518],"iteration":192,"passed_time":0.1110109061,"remaining_time":0.4641751359},
{"learn":[0.1655309721],"iteration":193,"passed_time":0.1114413151,"remaining_time":0.4629984534},
{"learn":[0.1647200145],"iteration":194,"passed_time":0.1119027281,"remaining_time":0.4619574162},
{"learn":[0.1643709772],"iteration":195,"passed_time":0.112317352,"remaining_time":0.4607303622},
{"learn":[0.1640300729],"iteration":196,"passed_time":0.112634824,"remaining_time":0.4591155515},
{"learn":[0.1633338337],"iteration":197,"passed_time":0.1130410108,"remaining_time":0.4578731853},
{"learn":[0.1621328251],"iteration":198,"passed_time":0.1134976448,"remaining_time":0.456842279},
{"learn":[0.1611495941],"iteration":199,"passed_time":0.113992869,"remaining_time":0.4559714759},
{"learn":[0.1602045825],"iteration":200,"passed_time":0.1144617183,"remaining_time":0.4549995669},
{"learn":[0.1593784609],"iteration":201,"passed_time":0.1149439127,"remaining_time":0.4540853579},
{"learn":[0.1582860649],"iteration":202,"passed_time":0.1154700416,"remaining_time":0.4533478972},
{"learn":[0.1579854769],"iteration":203,"passed_time":0.1157834344,"remaining_time":0.4517824206},
{"learn":[0.157452543],"iteration":204,"passed_time":0.1161975501,"remaining_time":0.4506197675},
{"learn":[0.1563632035],"iteration":205,"passed_time":0.1166647241,"remaining_time":0.449668888},
{"learn":[0.1557940361],"iteration":206,"passed_time":0.1170696268,"remaining_time":0.4484841259},
{"learn":[0.15485318],"iteration":207,"passed_time":0.1174601335,"remaining_time":0.4472520467},
{"learn":[0.1544975862],"iteration":208,"passed_time":0.1178929302,"remaining_time":0.4461880755},
{"learn":[0.1541577749],"iteration":209,"passed_time":0.1183314782,"remaining_time":0.4451517513},
{"learn":[0.1533825273],"iteration":210,"passed_time":0.1187941955,"remaining_time":0.4442114702},
{"learn":[0.1529550544],"iteration":211,"passed_time":0.11921438,"remaining_time":0.4431176011},
{"learn":[0.1523166082],"iteration":212,"passed_time":0.1197080889,"remaining_time":0.4423017182},
{"learn":[0.1519356264],"iteration":213,"passed_time":0.1201895396,"remaining_time":0.4414438232},
{"learn":[0.1508870627],"iteration":214,"passed_time":0.1206049595,"remaining_time":0.4403483406},
{"learn":[0.1500279205],"iteration":215,"passed_time":0.1210559043,"remaining_time":0.439388097},
{"learn":[0.1497134462],"iteration":216,"passed_time":0.1215588774,"remaining_time":0.4386202813},
{"learn":[0.1485521006],"iteration":217,"passed_time":0.1220003189,"remaining_time":0.4376341715},
{"learn":[0.148038743],"iteration":218,"passed_time":0.1223928802,"remaining_time":0.4364787187},
{"learn":[0.1472118423],"iteration":219,"passed_time":0.1228785854,"remaining_time":0.4356604391},
{"learn":[0.1467156302],"iteration":220,"passed_time":0.123341247,"remaining_time":0.434763943},
{"learn":[0.1462428364],"iteration":221,"passed_time":0.1237451847,"remaining_time":0.4336655571},
{"learn":[0.1452534371],"iteration":222,"passed_time":0.1241699108,"remaining_time":0.4326458328},
{"learn":[0.1446474369],"iteration":223,"passed_time":0.1245622382,"remaining_time":0.4315191824},
{"learn":[0.1443850822],"iteration":224,"passed_time":0.1251281197,"remaining_time":0.4309968568},
{"learn":[0.1439261446],"iteration":225,"passed_time":0.1255397784,"remaining_time":0.4299459667},
{"learn":[0.1435837048],"iteration":226,"passed_time":0.1260046752,"remaining_time":0.4290819996},
{"learn":[0.142556746],"iteration":227,"passed_time":0.1264410256,"remaining_time":0.4281248763},
{"learn":[0.1416769511],"iteration":228,"passed_time":0.1269228724,"remaining_time":0.4273254787},
{"learn":[0.1405091425],"iteration":229,"passed_time":0.1273776981,"remaining_time":0.4264383805},
{"learn":[0.1396777392],"iteration":230,"passed_time":0.1277927155,"remaining_time":0.4254225032},
{"learn":[0.1392067548],"iteration":231,"passed_time":0.1282539836,"remaining_time":0.4245649114},
{"learn":[0.1384310708],"iteration":232,"passed_time":0.12872869,"remaining_time":0.4237549581},
{"learn":[0.1380898462],"iteration":233,"passed_time":0.1292081895,"remaining_time":0.4229635604},
{"learn":[0.1378227704],"iteration":234,"passed_time":0.1296464812,"remaining_time":0.4220406729},
{"learn":[0.1366870198],"iteration":235,"passed_time":0.130164594,"remaining_time":0.4213802959},
{"learn":[0.1361041688],"iteration":236,"passed_time":0.1306379606,"remaining_time":0.4205770629},
{"learn":[0.1355342175],"iteration":237,"passed_time":0.1310870113,"remaining_time":0.4196987506},
{"learn":[0.1348756363],"iteration":238,"passed_time":0.1315409589,"remaining_time":0.4188396222},
{"learn":[0.134249587],"iteration":239,"passed_time":0.1320262228,"remaining_time":0.418083039},
{"learn":[0.1339820029],"iteration":240,"passed_time":0.1324921027,"remaining_time":0.4172676594},
{"learn":[0.1337405435],"iteration":241,"passed_time":0.1329422794,"remaining_time":0.4164059826},
{"learn":[0.1326386592],"iteration":242,"passed_time":0.1334085769,"remaining_time":0.4155979123},
{"learn":[0.1321819524],"iteration":243,"passed_time":0.1338551686,"remaining_time":0.414731588},
{"learn":[0.1318509913],"iteration":244,"passed_time":0.1343004361,"remaining_time":0.4138646093},
{"learn":[0.131068054],"iteration":245,"passed_time":0.1347097656,"remaining_time":0.4128909075},
{"learn":[0.1304120995],"iteration":246,"passed_time":0.1351525072,"remaining_time":0.4120236354},
{"learn":[0.1301863373],"iteration":247,"passed_time":0.1355709735,"remaining_time":0.4110861778},
{"learn":[0.1298142967],"iteration":248,"passed_time":0.1360394969,"remaining_time":0.4103038643},
{"learn":[0.1290488595],"iteration":249,"passed_time":0.1364878718,"remaining_time":0.4094636154},
{"learn":[0.1285565449],"iteration":250,"passed_time":0.1369147614,"remaining_time":0.4085623758},
{"learn":[0.1282784868],"iteration":251,"passed_time":0.1373364139,"remaining_time":0.4076493556},
{"learn":[0.1278462002],"iteration":252,"passed_time":0.1377139412,"remaining_time":0.4066099371},
{"learn":[0.1271411965],"iteration":253,"passed_time":0.1381495117,"remaining_time":0.4057462035},
{"learn":[0.1266747456],"iteration":254,"passed_time":0.1386105704,"remaining_time":0.4049602938},
{"learn":[0.1262636328],"iteration":255,"passed_time":0.1391878559,"remaining_time":0.4045147063},
{"learn":[0.1258103159],"iteration":256,"passed_time":0.1396349214,"remaining_time":0.403691621},
{"learn":[0.124905247],"iteration":257,"passed_time":0.1400873377,"remaining_time":0.4028868395},
{"learn":[0.1243117735],"iteration":258,"passed_time":0.1405231905,"remaining_time":0.4020373905},
{"learn":[0.1240631759],"iteration":259,"passed_time":0.1410949818,"remaining_time":0.4015780252},
{"learn":[0.1234088686],"iteration":260,"passed_time":0.1415586889,"remaining_time":0.4008117668},
{"learn":[0.1227465845],"iteration":261,"passed_time":0.1420164269,"remaining_time":0.400031004},
{"learn":[0.1225020907],"iteration":262,"passed_time":0.1425274262,"remaining_time":0.3994019509},
{"learn":[0.1221955932],"iteration":263,"passed_time":0.1430517171,"remaining_time":0.3988108478},
{"learn":[0.1215567591],"iteration":264,"passed_time":0.1434774011,"remaining_time":0.397946754},
{"learn":[0.1213435917],"iteration":265,"passed_time":0.1439117287,"remaining_time":0.3971098076},
{"learn":[0.1205947335],"iteration":266,"passed_time":0.144350965,"remaining_time":0.3962893533},
{"learn":[0.1199405572],"iteration":267,"passed_time":0.144828932,"remaining_time":0.3955775308},
{"learn":[0.1197098087],"iteration":268,"passed_time":0.1453017059,"remaining_time":0.3948533347},
{"learn":[0.1194253179],"iteration":269,"passed_time":0.1457477924,"remaining_time":0.394058846},
{"learn":[0.1188396047],"iteration":270,"passed_time":0.1462331004,"remaining_time":0.3933724361},
{"learn":[0.118614883],"iteration":271,"passed_time":0.1466572791,"remaining_time":0.3925238942},
{"learn":[0.1180064541],"iteration":272,"passed_time":0.147082266,"remaining_time":0.391680613},
{"learn":[0.1176878649],"iteration":273,"passed_time":0.1474975049,"remaining_time":0.3908145567},
{"learn":[0.1172131554],"iteration":274,"passed_time":0.1479650328,"remaining_time":0.390089632},
{"learn":[0.1165213648],"iteration":275,"passed_time":0.1483777999,"remaining_time":0.3892229243},
{"learn":[0.116138054],"iteration":276,"passed_time":0.1487627114,"remaining_time":0.3882867882},
{"learn":[0.1158958795],"iteration":277,"passed_time":0.1492073747,"remaining_time":0.3875098005},
{"learn":[0.1152168413],"iteration":278,"passed_time":0.1495973736,"remaining_time":0.3865939297},
{"learn":[0.1148576052],"iteration":279,"passed_time":0.1500293959,"remaining_time":0.3857898752},
{"learn":[0.1139885147],"iteration":280,"passed_time":0.1504568806,"remaining_time":0.3849768581},
{"learn":[0.1137457705],"iteration":281,"passed_time":0.1509293694,"remaining_time":0.3842811604},
{"learn":[0.1135462214],"iteration":282,"passed_time":0.1513618446,"remaining_time":0.3834856627},
{"learn":[0.1132983936],"iteration":283,"passed_time":0.1518131445,"remaining_time":0.3827401812},
{"learn":[0.1130432023],"iteration":284,"passed_time":0.1540605614,"remaining_time":0.3865028119},
{"learn":[0.1125889147],"iteration":285,"passed_time":0.1545741118,"remaining_time":0.3858948105},
{"learn":[0.112064111],"iteration":286,"passed_time":0.1550106761,"remaining_time":0.3850962092},
{"learn":[0.1118533476],"iteration":287,"passed_time":0.1554461756,"remaining_time":0.3842974898},
{"learn":[0.1112924916],"iteration":288,"passed_time":0.1559837871,"remaining_time":0.3837525006},
{"learn":[0.110493384],"iteration":289,"passed_time":0.1565039778,"remaining_time":0.3831649111},
{"learn":[0.1097179923],"iteration":290,"passed_time":0.1568912142,"remaining_time":0.3822538517},
{"learn":[0.1095415264],"iteration":291,"passed_time":0.1572967812,"remaining_time":0.3813908256},
{"learn":[0.1091260845],"iteration":292,"passed_time":0.1577309101,"remaining_time":0.3805998411},
{"learn":[0.1088635054],"iteration":293,"passed_time":0.158126726,"remaining_time":0.3797192808},
{"learn":[0.1081248711],"iteration":294,"passed_time":0.1585121212,"remaining_time":0.3788171032},
{"learn":[0.1078166443],"iteration":295,"passed_time":0.1589762348,"remaining_time":0.3781056394},
{"learn":[0.1071704475],"iteration":296,"passed_time":0.1594288481,"remaining_time":0.3773686202},
{"learn":[0.1066622404],"iteration":297,"passed_time":0.1598882995,"remaining_time":0.3766496182},
{"learn":[0.1065018517],"iteration":298,"passed_time":0.1603647052,"remaining_time":0.3759721016},
{"learn":[0.1063123868],"iteration":299,"passed_time":0.160802832,"remaining_time":0.375206608},
{"learn":[0.1060961493],"iteration":300,"passed_time":0.1612514291,"remaining_time":0.3744676044},
{"learn":[0.1058836711],"iteration":301,"passed_time":0.1617164532,"remaining_time":0.3737684911},
{"learn":[0.1056031274],"iteration":302,"passed_time":0.1621111903,"remaining_time":0.3729092398},
{"learn":[0.1053993125],"iteration":303,"passed_time":0.1625704611,"remaining_time":0.3722007926},
{"learn":[0.1048433771],"iteration":304,"passed_time":0.163022045,"remaining_time":0.3714764631},
{"learn":[0.1042310458],"iteration":305,"passed_time":0.1634511738,"remaining_time":0.3707029889},
{"learn":[0.1036344571],"iteration":306,"passed_time":0.16393249,"remaining_time":0.3700495621},
{"learn":[0.1033713125],"iteration":307,"passed_time":0.1643550562,"remaining_time":0.3692652562},
{"learn":[0.1032233387],"iteration":308,"passed_time":0.1647709182,"remaining_time":0.3684682992},
{"learn":[0.1030447781],"iteration":309,"passed_time":0.165184631,"remaining_time":0.3676690175},
{"learn":[0.1028765523],"iteration":310,"passed_time":0.1658430835,"remaining_time":0.3674144198},
{"learn":[0.1026034966],"iteration":311,"passed_time":0.1663107965,"remaining_time":0.3667366282},
{"learn":[0.1024161962],"iteration":312,"passed_time":0.1667905018,"remaining_time":0.3660865007},
{"learn":[0.1021707736],"iteration":313,"passed_time":0.1672174831,"remaining_time":0.365322272},
{"learn":[0.1020362642],"iteration":314,"passed_time":0.1676427767,"remaining_time":0.3645565143},
{"learn":[0.1017979839],"iteration":315,"passed_time":0.1680929274,"remaining_time":0.3638467162},
{"learn":[0.1016669629],"iteration":316,"passed_time":0.1686012262,"remaining_time":0.3632638407},
{"learn":[0.1010914575],"iteration":317,"passed_time":0.1690769621,"remaining_time":0.3626115979},
{"learn":[0.1009303316],"iteration":318,"passed_time":0.1695546908,"remaining_time":0.3619647162},
{"learn":[0.1007801102],"iteration":319,"passed_time":0.170015247,"remaining_time":0.3612823998},
{"learn":[0.1006232857],"iteration":320,"passed_time":0.1705274483,"remaining_time":0.3607107085},
{"learn":[0.1000677535],"iteration":321,"passed_time":0.1710731877,"remaining_time":0.3602100038},
{"learn":[0.09984123594],"iteration":322,"passed_time":0.1715912865,"remaining_time":0.3596510865},
{"learn":[0.09930051482],"iteration":323,"passed_time":0.1722010521,"remaining_time":0.3592836766},
{"learn":[0.09907892496],"iteration":324,"passed_time":0.1728002409,"remaining_time":0.3588928081},
{"learn":[0.09855264108],"iteration":325,"passed_time":0.1733183473,"remaining_time":0.3583330249},
{"learn":[0.09843284984],"iteration":326,"passed_time":0.1738206278,"remaining_time":0.357740925},
{"learn":[0.09786118479],"iteration":327,"passed_time":0.1742626462,"remaining_time":0.3570259094},
{"learn":[0.09771707014],"iteration":328,"passed_time":0.1747642199,"remaining_time":0.3564340169},
{"learn":[0.09716182131],"iteration":329,"passed_time":0.1752744664,"remaining_time":0.3558602803},
{"learn":[0.09671466713],"iteration":330,"passed_time":0.1757175788,"remaining_time":0.3551512394},
{"learn":[0.09660139397],"iteration":331,"passed_time":0.1762104733,"remaining_time":0.3545439644},
{"learn":[0.09630254317],"iteration":332,"passed_time":0.1767074465,"remaining_time":0.353945546},
{"learn":[0.09586920117],"iteration":333,"passed_time":0.177165144,"remaining_time":0.3532694189},
{"learn":[0.09546160046],"iteration":334,"passed_time":0.1775982747,"remaining_time":0.3525458289},
{"learn":[0.09506618519],"iteration":335,"passed_time":0.1780195152,"remaining_time":0.3518004704},
{"learn":[0.09477972356],"iteration":336,"passed_time":0.1784659595,"remaining_time":0.3511066207},
{"learn":[0.09449783401],"iteration":337,"passed_time":0.1788821915,"remaining_time":0.3503550614},
{"learn":[0.09411043548],"iteration":338,"passed_time":0.1802904225,"remaining_time":0.3515397325},
{"learn":[0.0935728085],"iteration":339,"passed_time":0.1809587139,"remaining_time":0.3512727975},
{"learn":[0.09305217654],"iteration":340,"passed_time":0.1814349302,"remaining_time":0.3506323139},
{"learn":[0.09249278185],"iteration":341,"passed_time":0.1819243554,"remaining_time":0.3500182043},
{"learn":[0.09222695644],"iteration":342,"passed_time":0.1823964819,"remaining_time":0.3493716868},
{"learn":[0.09177878789],"iteration":343,"passed_time":0.1827474894,"remaining_time":0.3484952124},
{"learn":[0.0913878608],"iteration":344,"passed_time":0.1832565783,"remaining_time":0.3479219094},
{"learn":[0.09099461781],"iteration":345,"passed_time":0.1837726449,"remaining_time":0.347362167},
{"learn":[0.09070308901],"iteration":346,"passed_time":0.1842452054,"remaining_time":0.3467208044},
{"learn":[0.09060391965],"iteration":347,"passed_time":0.1847474382,"remaining_time":0.3461360048},
{"learn":[0.09017163022],"iteration":348,"passed_time":0.1850989599,"remaining_time":0.3452705526},
{"learn":[0.09007390916],"iteration":349,"passed_time":0.1855403741,"remaining_time":0.3445749805},
{"learn":[0.08997744477],"iteration":350,"passed_time":0.1859327463,"remaining_time":0.3437901777},
{"learn":[0.08984797761],"iteration":351,"passed_time":0.1863474499,"remaining_time":0.3430487145},
{"learn":[0.08940826498],"iteration":352,"passed_time":0.1868154387,"remaining_time":0.3424067673},
{"learn":[0.08931408964],"iteration":353,"passed_time":0.1873529521,"remaining_time":0.3418926753},
{"learn":[0.08919930853],"iteration":354,"passed_time":0.1878329937,"remaining_time":0.3412740309},
{"learn":[0.08880710739],"iteration":355,"passed_time":0.1882903697,"remaining_time":0.3406151632},
{"learn":[0.08839064557],"iteration":356,"passed_time":0.1886743619,"remaining_time":0.3398252512},
{"learn":[0.08783864549],"iteration":357,"passed_time":0.1891940832,"remaining_time":0.3392810095},
{"learn":[0.08772884357],"iteration":358,"passed_time":0.1897031164,"remaining_time":0.3387178206},
{"learn":[0.0873510106],"iteration":359,"passed_time":0.1901745597,"remaining_time":0.3380881061},
{"learn":[0.08696807936],"iteration":360,"passed_time":0.1906633073,"remaining_time":0.3374898986},
{"learn":[0.08661802837],"iteration":361,"passed_time":0.1910653727,"remaining_time":0.3367395242},
{"learn":[0.08627590956],"iteration":362,"passed_time":0.1914993298,"remaining_time":0.3360470333},
{"learn":[0.08581862187],"iteration":363,"passed_time":0.1919634746,"remaining_time":0.3354087083},
{"learn":[0.0854863296],"iteration":364,"passed_time":0.1924053241,"remaining_time":0.3347325501},
{"learn":[0.08523468192],"iteration":365,"passed_time":0.192977039,"remaining_time":0.3342826303},
{"learn":[0.08472778835],"iteration":366,"passed_time":0.1935648597,"remaining_time":0.3338598262},
{"learn":[0.08450756274],"iteration":367,"passed_time":0.1941486178,"remaining_time":0.3334291479},
{"learn":[0.08426659765],"iteration":368,"passed_time":0.1947613566,"remaining_time":0.3330471978},
{"learn":[0.08378022766],"iteration":369,"passed_time":0.1952503229,"remaining_time":0.3324532525},
{"learn":[0.08356586248],"iteration":370,"passed_time":0.195975404,"remaining_time":0.3322601864},
{"learn":[0.08335505012],"iteration":371,"passed_time":0.1965992718,"remaining_time":0.3318933944},
{"learn":[0.08314807023],"iteration":372,"passed_time":0.1972093987,"remaining_time":0.3315021259},
{"learn":[0.08294485596],"iteration":373,"passed_time":0.1976904426,"remaining_time":0.3308936285},
{"learn":[0.08264376989],"iteration":374,"passed_time":0.1982148601,"remaining_time":0.3303581001},
{"learn":[0.08232081501],"iteration":375,"passed_time":0.1988366721,"remaining_time":0.3299842643},
{"learn":[0.08211916695],"iteration":376,"passed_time":0.1995340094,"remaining_time":0.3297339201},
{"learn":[0.08182831731],"iteration":377,"passed_time":0.2001763292,"remaining_time":0.3293906793},
{"learn":[0.08142029683],"iteration":378,"passed_time":0.2007477426,"remaining_time":0.3289296785},
{"learn":[0.08103804345],"iteration":379,"passed_time":0.2012854177,"remaining_time":0.32841305},
{"learn":[0.08081400672],"iteration":380,"passed_time":0.2020291719,"remaining_time":0.3282311218},
{"learn":[0.08061960507],"iteration":381,"passed_time":0.202802109,"remaining_time":0.3280934644},
{"learn":[0.08038043893],"iteration":382,"passed_time":0.2036876737,"remaining_time":0.3281339286},
{"learn":[0.08018482768],"iteration":383,"passed_time":0.2044308829,"remaining_time":0.3279412079},
{"learn":[0.07980981952],"iteration":384,"passed_time":0.2051007162,"remaining_time":0.3276284168},
{"learn":[0.07957753369],"iteration":385,"passed_time":0.2056173395,"remaining_time":0.3270700685},
{"learn":[0.07939015986],"iteration":386,"passed_time":0.206132144,"remaining_time":0.3265090549},
{"learn":[0.07918072097],"iteration":387,"passed_time":0.2066258697,"remaining_time":0.3259150316},
{"learn":[0.07880025851],"iteration":388,"passed_time":0.2074671313,"remaining_time":0.3258673965},
{"learn":[0.07861717379],"iteration":389,"passed_time":0.2080854657,"remaining_time":0.3254670104},
{"learn":[0.07841350355],"iteration":390,"passed_time":0.2086702524,"remaining_time":0.3250132576},
{"learn":[0.0780618177],"iteration":391,"passed_time":0.2096929925,"remaining_time":0.3252381109},
{"learn":[0.0777945203],"iteration":392,"passed_time":0.2102685231,"remaining_time":0.3247658868},
{"learn":[0.07730831483],"iteration":393,"passed_time":0.2109548295,"remaining_time":0.3244635195},
{"learn":[0.07704906243],"iteration":394,"passed_time":0.2114462492,"remaining_time":0.3238607108},
{"learn":[0.07657585292],"iteration":395,"passed_time":0.2120100641,"remaining_time":0.3233688856},
{"learn":[0.07624060087],"iteration":396,"passed_time":0.2126693166,"remaining_time":0.3230216572},
{"learn":[0.0760703058],"iteration":397,"passed_time":0.2131282419,"remaining_time":0.3223698533},
{"learn":[0.07578279866],"iteration":398,"passed_time":0.2136648451,"remaining_time":0.3218360198},
{"learn":[0.07560687181],"iteration":399,"passed_time":0.2141393977,"remaining_time":0.3212090965},
{"learn":[0.07526581987],"iteration":400,"passed_time":0.2145765422,"remaining_time":0.3205270543},
{"learn":[0.07481217948],"iteration":401,"passed_time":0.215019559,"remaining_time":0.3198549658},
{"learn":[0.07448319301],"iteration":402,"passed_time":0.2155353902,"remaining_time":0.3192918807},
{"learn":[0.07416109924],"iteration":403,"passed_time":0.2161520287,"remaining_time":0.3188777453},
{"learn":[0.0737205463],"iteration":404,"passed_time":0.2165803291,"remaining_time":0.3181859155},
{"learn":[0.07340651619],"iteration":405,"passed_time":0.2170357874,"remaining_time":0.3175351175},
{"learn":[0.07305270623],"iteration":406,"passed_time":0.217498622,"remaining_time":0.3168960266},
{"learn":[0.07270978245],"iteration":407,"passed_time":0.2181323318,"remaining_time":0.3165057364},
{"learn":[0.07243495214],"iteration":408,"passed_time":0.2186766384,"remaining_time":0.3159850692},
{"learn":[0.0720933277],"iteration":409,"passed_time":0.2192310337,"remaining_time":0.3154788046},
{"learn":[0.07175714784],"iteration":410,"passed_time":0.219735056,"remaining_time":0.3149001167},
{"learn":[0.07142286383],"iteration":411,"passed_time":0.2203201543,"remaining_time":0.3144375017},
{"learn":[0.07112089869],"iteration":412,"passed_time":0.2209591049,"remaining_time":0.3140508343},
{"learn":[0.0708928059],"iteration":413,"passed_time":0.2215269332,"remaining_time":0.3135622775},
{"learn":[0.07067001558],"iteration":414,"passed_time":0.2221041856,"remaining_time":0.3130866231},
{"learn":[0.07029235853],"iteration":415,"passed_time":0.2225902656,"remaining_time":0.3124824883},
{"learn":[0.07004557996],"iteration":416,"passed_time":0.2232348422,"remaining_time":0.3121005108},
{"learn":[0.06989868284],"iteration":417,"passed_time":0.2237936249,"remaining_time":0.3115978223},
{"learn":[0.06959147417],"iteration":418,"passed_time":0.224524594,"remaining_time":0.3113336255},
{"learn":[0.06922476918],"iteration":419,"passed_time":0.2250172153,"remaining_time":0.3107380593},
{"learn":[0.06890838091],"iteration":420,"passed_time":0.2254811939,"remaining_time":0.3101035898},
{"learn":[0.06868458911],"iteration":421,"passed_time":0.2259467986,"remaining_time":0.3094721555},
{"learn":[0.06835908713],"iteration":422,"passed_time":0.2263891439,"remaining_time":0.3088097778},
{"learn":[0.06800230614],"iteration":423,"passed_time":0.226816329,"remaining_time":0.3081278432},
{"learn":[0.06771145555],"iteration":424,"passed_time":0.2273296432,"remaining_time":0.3075636349},
{"learn":[0.06745158907],"iteration":425,"passed_time":0.2276953687,"remaining_time":0.306800802},
{"learn":[0.06723604861],"iteration":426,"passed_time":0.2281638934,"remaining_time":0.3061777773},
{"learn":[0.06705754102],"iteration":427,"passed_time":0.2285937273,"remaining_time":0.3055037664},
{"learn":[0.06688304773],"iteration":428,"passed_time":0.2290032001,"remaining_time":0.3048037931},
{"learn":[0.06658551881],"iteration":429,"passed_time":0.2295729825,"remaining_time":0.3043176745},
{"learn":[0.06624574484],"iteration":430,"passed_time":0.230030829,"remaining_time":0.3036833914},
{"learn":[0.06610257622],"iteration":431,"passed_time":0.2305030507,"remaining_time":0.303068826},
{"learn":[0.06595819073],"iteration":432,"passed_time":0.230915246,"remaining_time":0.3023763152},
{"learn":[0.06579131751],"iteration":433,"passed_time":0.231398479,"remaining_time":0.3017777399},
{"learn":[0.06552119288],"iteration":434,"passed_time":0.2318657379,"remaining_time":0.3011589469},
{"learn":[0.06538177639],"iteration":435,"passed_time":0.2323467662,"remaining_time":0.3005586608},
{"learn":[0.06521998825],"iteration":436,"passed_time":0.2327703988,"remaining_time":0.299884976},
{"learn":[0.06496329218],"iteration":437,"passed_time":0.2331871476,"remaining_time":0.2992036004},
{"learn":[0.06466582993],"iteration":438,"passed_time":0.2336144998,"remaining_time":0.2985369804},
{"learn":[0.06431346886],"iteration":439,"passed_time":0.2340312202,"remaining_time":0.2978579167},
{"learn":[0.06422366352],"iteration":440,"passed_time":0.2344725,"remaining_time":0.2972111734},
{"learn":[0.06414179786],"iteration":441,"passed_time":0.2348462476,"remaining_time":0.2964801045},
{"learn":[0.06405600027],"iteration":442,"passed_time":0.2355492402,"remaining_time":0.2961646202},
{"learn":[0.06380356995],"iteration":443,"passed_time":0.2360657253,"remaining_time":0.2956138361},
{"learn":[0.06355659694],"iteration":444,"passed_time":0.2365896278,"remaining_time":0.2950724572},
{"learn":[0.06331550936],"iteration":445,"passed_time":0.2369717436,"remaining_time":0.2943550357},
{"learn":[0.06321609952],"iteration":446,"passed_time":0.2375971278,"remaining_time":0.2939400708},
{"learn":[0.06313392273],"iteration":447,"passed_time":0.2381592405,"remaining_time":0.293446207},
{"learn":[0.06305371188],"iteration":448,"passed_time":0.2386671753,"remaining_time":0.2928855536},
{"learn":[0.06281431025],"iteration":449,"passed_time":0.2391916224,"remaining_time":0.2923453163},
{"learn":[0.06267713519],"iteration":450,"passed_time":0.2397396538,"remaining_time":0.2918338579},
{"learn":[0.06262653968],"iteration":451,"passed_time":0.2402600278,"remaining_time":0.2912887063},
{"learn":[0.06237761228],"iteration":452,"passed_time":0.2408220007,"remaining_time":0.2907938949},
{"learn":[0.0620726658],"iteration":453,"passed_time":0.2416700652,"remaining_time":0.2906428537},
{"learn":[0.06175373927],"iteration":454,"passed_time":0.2423693898,"remaining_time":0.2903105878},
{"learn":[0.06157618099],"iteration":455,"passed_time":0.2429081649,"remaining_time":0.2897851792},
{"learn":[0.06150088918],"iteration":456,"passed_time":0.2434648259,"remaining_time":0.2892809638},
{"learn":[0.06120679356],"iteration":457,"passed_time":0.2440957712,"remaining_time":0.2888644279},
{"learn":[0.06113373218],"iteration":458,"passed_time":0.2446893837,"remaining_time":0.2884029555},
{"learn":[0.06084828957],"iteration":459,"passed_time":0.2453219163,"remaining_time":0.2879865974},
{"learn":[0.06080112081],"iteration":460,"passed_time":0.2458992811,"remaining_time":0.2875047994},
{"learn":[0.06063009441],"iteration":461,"passed_time":0.24648716,"remaining_time":0.2870348313},
{"learn":[0.06046449446],"iteration":462,"passed_time":0.2469770657,"remaining_time":0.2864507219},
{"learn":[0.06031113369],"iteration":463,"passed_time":0.2474688806,"remaining_time":0.2858692241},
{"learn":[0.06002330094],"iteration":464,"passed_time":0.2481678516,"remaining_time":0.285526453},
{"learn":[0.05981685493],"iteration":465,"passed_time":0.2488282054,"remaining_time":0.2851379006},
{"learn":[0.05966674554],"iteration":466,"passed_time":0.2496783152,"remaining_time":0.284964758},
{"learn":[0.05936555338],"iteration":467,"passed_time":0.2504064295,"remaining_time":0.2846500438},
{"learn":[0.05928143396],"iteration":468,"passed_time":0.2511154857,"remaining_time":0.2843119892},
{"learn":[0.05923718122],"iteration":469,"passed_time":0.2520159385,"remaining_time":0.284188186},
{"learn":[0.05908969952],"iteration":470,"passed_time":0.2525869811,"remaining_time":0.2836911104},
{"learn":[0.05892932206],"iteration":471,"passed_time":0.2530918931,"remaining_time":0.2831197448},
{"learn":[0.05878542206],"iteration":472,"passed_time":0.2542433325,"remaining_time":0.2832689984},
{"learn":[0.05870492019],"iteration":473,"passed_time":0.2549105912,"remaining_time":0.2828754662},
{"learn":[0.05854978607],"iteration":474,"passed_time":0.2554828406,"remaining_time":0.2823757712},
{"learn":[0.05840952052],"iteration":475,"passed_time":0.2561181786,"remaining_time":0.2819452218},
{"learn":[0.05833180398],"iteration":476,"passed_time":0.2566999525,"remaining_time":0.2814550842},
{"learn":[0.05829088811],"iteration":477,"passed_time":0.2572781723,"remaining_time":0.2809606819},
{"learn":[0.0580102769],"iteration":478,"passed_time":0.2578331647,"remaining_time":0.2804406655},
{"learn":[0.05783043269],"iteration":479,"passed_time":0.2583254549,"remaining_time":0.2798525761},
{"learn":[0.0577903894],"iteration":480,"passed_time":0.2589148113,"remaining_time":0.2793696196},
{"learn":[0.05761446558],"iteration":481,"passed_time":0.2595956275,"remaining_time":0.2789845125},
{"learn":[0.0575548143],"iteration":482,"passed_time":0.2602044501,"remaining_time":0.2785211195},
{"learn":[0.05751586936],"iteration":483,"passed_time":0.260744131,"remaining_time":0.2779834124},
{"learn":[0.05737271981],"iteration":484,"passed_time":0.2613083463,"remaining_time":0.2774717492},
{"learn":[0.0570219166],"iteration":485,"passed_time":0.261929611,"remaining_time":0.2770202059},
{"learn":[0.05688873506],"iteration":486,"passed_time":0.2624553851,"remaining_time":0.2764673769},
{"learn":[0.05675779842],"iteration":487,"passed_time":0.2630300287,"remaining_time":0.2759659318},
{"learn":[0.05659098309],"iteration":488,"passed_time":0.2635801287,"remaining_time":0.2754385394},
{"learn":[0.05652617255],"iteration":489,"passed_time":0.2640804054,"remaining_time":0.2748591974},
{"learn":[0.05639114713],"iteration":490,"passed_time":0.2646138625,"remaining_time":0.2743145743},
{"learn":[0.0560500171],"iteration":491,"passed_time":0.2651080495,"remaining_time":0.2737294495},
{"learn":[0.05591807539],"iteration":492,"passed_time":0.2656194091,"remaining_time":0.2731623538},
{"learn":[0.0556554266],"iteration":493,"passed_time":0.2662311076,"remaining_time":0.27269826},
{"learn":[0.05554705351],"iteration":494,"passed_time":0.2668109776,"remaining_time":0.2722010983},
{"learn":[0.05544134371],"iteration":495,"passed_time":0.2674064737,"remaining_time":0.2717194813},
{"learn":[0.0553397189],"iteration":496,"passed_time":0.2680810829,"remaining_time":0.2713174742},
{"learn":[0.05508482053],"iteration":497,"passed_time":0.2685880511,"remaining_time":0.2707453848},
{"learn":[0.05492797439],"iteration":498,"passed_time":0.2690553776,"remaining_time":0.2701337559},
{"learn":[0.05482696943],"iteration":499,"passed_time":0.2695665563,"remaining_time":0.2695665563},
{"learn":[0.05467361657],"iteration":500,"passed_time":0.2700800218,"remaining_time":0.269001858},
{"learn":[0.05457708206],"iteration":501,"passed_time":0.2706523269,"remaining_time":0.2684957346},
{"learn":[0.05426083057],"iteration":502,"passed_time":0.2711582183,"remaining_time":0.2679237267},
{"learn":[0.05411058023],"iteration":503,"passed_time":0.271705247,"remaining_time":0.2673924653},
{"learn":[0.05382303846],"iteration":504,"passed_time":0.2722236566,"remaining_time":0.2668330891},
{"learn":[0.05367567134],"iteration":505,"passed_time":0.2727544793,"remaining_time":0.2662859936},
{"learn":[0.05358290469],"iteration":506,"passed_time":0.2736459493,"remaining_time":0.2660896509},
{"learn":[0.05348925595],"iteration":507,"passed_time":0.274248028,"remaining_time":0.2656102949},
{"learn":[0.05318688534],"iteration":508,"passed_time":0.2747588491,"remaining_time":0.2650424261},
{"learn":[0.05299872605],"iteration":509,"passed_time":0.2753743981,"remaining_time":0.2645754021},
{"learn":[0.05272181411],"iteration":510,"passed_time":0.2758637103,"remaining_time":0.2639869948},
{"learn":[0.05257799832],"iteration":511,"passed_time":0.2765058744,"remaining_time":0.2635446615},
{"learn":[0.05243725231],"iteration":512,"passed_time":0.2771129716,"remaining_time":0.2630682596},
{"learn":[0.05229951393],"iteration":513,"passed_time":0.27768764,"remaining_time":0.2625606868},
{"learn":[0.05219637879],"iteration":514,"passed_time":0.2782678395,"remaining_time":0.2620580624},
{"learn":[0.05202256092],"iteration":515,"passed_time":0.2787822071,"remaining_time":0.2614933881},
{"learn":[0.05192036211],"iteration":516,"passed_time":0.2792609065,"remaining_time":0.2608955858},
{"learn":[0.05180829537],"iteration":517,"passed_time":0.2797598838,"remaining_time":0.260317112},
{"learn":[0.05167358713],"iteration":518,"passed_time":0.2802307173,"remaining_time":0.2597128613},
{"learn":[0.05139507051],"iteration":519,"passed_time":0.2807313516,"remaining_time":0.2591366322},
{"learn":[0.0512917416],"iteration":520,"passed_time":0.2811786324,"remaining_time":0.258511641},
{"learn":[0.05118985414],"iteration":521,"passed_time":0.2816044077,"remaining_time":0.2578676377},
{"learn":[0.0509855079],"iteration":522,"passed_time":0.2820242663,"remaining_time":0.2572190727},
{"learn":[0.05088500087],"iteration":523,"passed_time":0.2825203638,"remaining_time":0.2566406358},
{"learn":[0.05078589257],"iteration":524,"passed_time":0.2829813328,"remaining_time":0.2560307296},
{"learn":[0.05059945302],"iteration":525,"passed_time":0.2834988858,"remaining_time":0.25547238},
{"learn":[0.05033048037],"iteration":526,"passed_time":0.2840686706,"remaining_time":0.2549610649},
{"learn":[0.05013361736],"iteration":527,"passed_time":0.2846349982,"remaining_time":0.2544464378},
{"learn":[0.04989591583],"iteration":528,"passed_time":0.2852073597,"remaining_time":0.2539369876},
{"learn":[0.04970441279],"iteration":529,"passed_time":0.2857271207,"remaining_time":0.2533806542},
{"learn":[0.0496074623],"iteration":530,"passed_time":0.2862491465,"remaining_time":0.2528264589},
{"learn":[0.04934790521],"iteration":531,"passed_time":0.2868280898,"remaining_time":0.2523224549},
{"learn":[0.04921301544],"iteration":532,"passed_time":0.2874377425,"remaining_time":0.2518450765},
{"learn":[0.04908226113],"iteration":533,"passed_time":0.2879075893,"remaining_time":0.2512451997},
{"learn":[0.04885423976],"iteration":534,"passed_time":0.2885000006,"remaining_time":0.250752337},
{"learn":[0.04871803212],"iteration":535,"passed_time":0.2891472872,"remaining_time":0.2503066069},
{"learn":[0.04852489584],"iteration":536,"passed_time":0.2900001604,"remaining_time":0.2500373822},
{"learn":[0.04836159469],"iteration":537,"passed_time":0.2906925793,"remaining_time":0.2496282001},
{"learn":[0.04821622685],"iteration":538,"passed_time":0.2916268051,"remaining_time":0.2494247814},
{"learn":[0.04812251848],"iteration":539,"passed_time":0.2923375407,"remaining_time":0.2490282754},
{"learn":[0.04794486893],"iteration":540,"passed_time":0.2933538267,"remaining_time":0.2488898456},
{"learn":[0.04785240539],"iteration":541,"passed_time":0.2942564975,"remaining_time":0.2486521695},
{"learn":[0.04766635707],"iteration":542,"passed_time":0.295481851,"remaining_time":0.2486836204},
{"learn":[0.04748397165],"iteration":543,"passed_time":0.2962879285,"remaining_time":0.2483589989},
{"learn":[0.04731200941],"iteration":544,"passed_time":0.2969765465,"remaining_time":0.247934548},
{"learn":[0.04715809744],"iteration":545,"passed_time":0.2976732788,"remaining_time":0.2475158765},
{"learn":[0.046991291],"iteration":546,"passed_time":0.2982896923,"remaining_time":0.2470296721},
{"learn":[0.046765283],"iteration":547,"passed_time":0.2989472311,"remaining_time":0.2465769132},
{"learn":[0.04664124955],"iteration":548,"passed_time":0.299580084,"remaining_time":0.2461031291},
{"learn":[0.0465413531],"iteration":549,"passed_time":0.3002516556,"remaining_time":0.2456604455},
{"learn":[0.04644901436],"iteration":550,"passed_time":0.3008277571,"remaining_time":0.2451391342},
{"learn":[0.04630343668],"iteration":551,"passed_time":0.301451172,"remaining_time":0.2446560237},
{"learn":[0.04624029592],"iteration":552,"passed_time":0.3020807195,"remaining_time":0.2441773628},
{"learn":[0.0460242051],"iteration":553,"passed_time":0.3029969971,"remaining_time":0.2439289904},
{"learn":[0.04585319655],"iteration":554,"passed_time":0.3037417807,"remaining_time":0.2435407071},
{"learn":[0.04566993534],"iteration":555,"passed_time":0.3044686362,"remaining_time":0.2431368246},
{"learn":[0.04560339245],"iteration":556,"passed_time":0.3051110877,"remaining_time":0.2426646532},
{"learn":[0.04553772951],"iteration":557,"passed_time":0.3059039159,"remaining_time":0.2423109872},
{"learn":[0.04537696162],"iteration":558,"passed_time":0.3065710769,"remaining_time":0.2418566098},
{"learn":[0.04528257584],"iteration":559,"passed_time":0.3070637491,"remaining_time":0.2412643743},
{"learn":[0.04512428351],"iteration":560,"passed_time":0.3076907318,"remaining_time":0.2407775958},
{"learn":[0.04503132776],"iteration":561,"passed_time":0.3081874267,"remaining_time":0.2401887774},
{"learn":[0.04487546784],"iteration":562,"passed_time":0.3089070309,"remaining_time":0.2397733081},
{"learn":[0.0447839185],"iteration":563,"passed_time":0.3095403947,"remaining_time":0.2392900924},
{"learn":[0.04467733416],"iteration":564,"passed_time":0.3100954575,"remaining_time":0.2387460602},
{"learn":[0.04452377951],"iteration":565,"passed_time":0.3106556562,"remaining_time":0.2382059272},
{"learn":[0.04440876371],"iteration":566,"passed_time":0.3113017127,"remaining_time":0.2377312903},
{"learn":[0.04431911591],"iteration":567,"passed_time":0.3118723909,"remaining_time":0.2371987199},
{"learn":[0.0442300777],"iteration":568,"passed_time":0.31237229,"remaining_time":0.2366124025},
{"learn":[0.04411157048],"iteration":569,"passed_time":0.3128405143,"remaining_time":0.2360024933},
{"learn":[0.04404852407],"iteration":570,"passed_time":0.3133594916,"remaining_time":0.2354312118},
{"learn":[0.04396116982],"iteration":571,"passed_time":0.3138819759,"remaining_time":0.2348627372},
{"learn":[0.04389889621],"iteration":572,"passed_time":0.3143722628,"remaining_time":0.2342704297},
{"learn":[0.04381274105],"iteration":573,"passed_time":0.3149949189,"remaining_time":0.2337767168},
{"learn":[0.04375122917],"iteration":574,"passed_time":0.3155852183,"remaining_time":0.2332586396},
{"learn":[0.04369053491],"iteration":575,"passed_time":0.316087908,"remaining_time":0.2326758211},
{"learn":[0.04351795283],"iteration":576,"passed_time":0.3166600028,"remaining_time":0.2321441615},
{"learn":[0.04345858222],"iteration":577,"passed_time":0.3173064446,"remaining_time":0.2316666429},
{"learn":[0.04326426199],"iteration":578,"passed_time":0.3179893242,"remaining_time":0.2312150354},
{"learn":[0.04310212553],"iteration":579,"passed_time":0.3186431802,"remaining_time":0.2307416133},
{"learn":[0.04291161485],"iteration":580,"passed_time":0.3191791972,"remaining_time":0.230182588},
{"learn":[0.04279559051],"iteration":581,"passed_time":0.3197769193,"remaining_time":0.2296679592},
{"learn":[0.04268207603],"iteration":582,"passed_time":0.3203560861,"remaining_time":0.2291397734},
{"learn":[0.04253773927],"iteration":583,"passed_time":0.3209727855,"remaining_time":0.2286381486},
{"learn":[0.04242658963],"iteration":584,"passed_time":0.3215041063,"remaining_time":0.2280755626},
{"learn":[0.04231784904],"iteration":585,"passed_time":0.3222032071,"remaining_time":0.2276316173},
{"learn":[0.04209127339],"iteration":586,"passed_time":0.3228711052,"remaining_time":0.2271648492},
{"learn":[0.04203391359],"iteration":587,"passed_time":0.3234903237,"remaining_time":0.226663288},
{"learn":[0.04189393198],"iteration":588,"passed_time":0.3240714273,"remaining_time":0.2261347311},
{"learn":[0.04178718796],"iteration":589,"passed_time":0.3246010403,"remaining_time":0.2255702145},
{"learn":[0.04173084775],"iteration":590,"passed_time":0.3251669294,"remaining_time":0.2250309207},
{"learn":[0.04151107261],"iteration":591,"passed_time":0.3256611393,"remaining_time":0.2244421365},
{"learn":[0.04143242027],"iteration":592,"passed_time":0.3261296715,"remaining_time":0.2238360477},
{"learn":[0.04135938259],"iteration":593,"passed_time":0.326702753,"remaining_time":0.2233018817},
{"learn":[0.04118243875],"iteration":594,"passed_time":0.3272677444,"remaining_time":0.2227620781},
{"learn":[0.04111005684],"iteration":595,"passed_time":0.3278447529,"remaining_time":0.2222303358},
{"learn":[0.04103861833],"iteration":596,"passed_time":0.3283724635,"remaining_time":0.2216651638},
{"learn":[0.04090402834],"iteration":597,"passed_time":0.3289440134,"remaining_time":0.2211295876},
{"learn":[0.04083285853],"iteration":598,"passed_time":0.3295329469,"remaining_time":0.2206055287},
{"learn":[0.04064877132],"iteration":599,"passed_time":0.3300528504,"remaining_time":0.2200352336},
{"learn":[0.04047746119],"iteration":600,"passed_time":0.3306688839,"remaining_time":0.2195289263},
{"learn":[0.04040669453],"iteration":601,"passed_time":0.3311941071,"remaining_time":0.218962217},
{"learn":[0.04027648253],"iteration":602,"passed_time":0.3317651144,"remaining_time":0.2184257884},
{"learn":[0.04020645563],"iteration":603,"passed_time":0.3322389218,"remaining_time":0.2178255183},
{"learn":[0.04013734698],"iteration":604,"passed_time":0.3327849751,"remaining_time":0.217272835},
{"learn":[0.03987969638],"iteration":605,"passed_time":0.3333513047,"remaining_time":0.2167333565},
{"learn":[0.03973867009],"iteration":606,"passed_time":0.3338856539,"remaining_time":0.216173084},
{"learn":[0.03948785537],"iteration":607,"passed_time":0.3344673534,"remaining_time":0.2156434252},
{"learn":[0.03934985992],"iteration":608,"passed_time":0.335053134,"remaining_time":0.2151162157},
{"learn":[0.03910570193],"iteration":609,"passed_time":0.3356099002,"remaining_time":0.2145702641},
{"learn":[0.03886746412],"iteration":610,"passed_time":0.3361615326,"remaining_time":0.2140210085},
{"learn":[0.038732988],"iteration":611,"passed_time":0.3367384033,"remaining_time":0.2134877459},
{"learn":[0.03850107792],"iteration":612,"passed_time":0.337326299,"remaining_time":0.2129613013},
{"learn":[0.03836481933],"iteration":613,"passed_time":0.3379273377,"remaining_time":0.2124429192},
{"learn":[0.03823231511],"iteration":614,"passed_time":0.3384996084,"remaining_time":0.2119062589},
{"learn":[0.0380357642],"iteration":615,"passed_time":0.3391766971,"remaining_time":0.2114348241},
{"learn":[0.03783868185],"iteration":616,"passed_time":0.3399055983,"remaining_time":0.2109948852},
{"learn":[0.03763059799],"iteration":617,"passed_time":0.3405276982,"remaining_time":0.2104879947},
{"learn":[0.03743963076],"iteration":618,"passed_time":0.341101543,"remaining_time":0.2099510305},
{"learn":[0.03725019884],"iteration":619,"passed_time":0.3416575656,"remaining_time":0.2094030241},
{"learn":[0.03706458048],"iteration":620,"passed_time":0.3422586708,"remaining_time":0.208882506},
{"learn":[0.03686447744],"iteration":621,"passed_time":0.3428857857,"remaining_time":0.2083775354},
{"learn":[0.03669704102],"iteration":622,"passed_time":0.3435270011,"remaining_time":0.2078807053},
{"learn":[0.03652641937],"iteration":623,"passed_time":0.3441595949,"remaining_time":0.2073782175},
{"learn":[0.03636229599],"iteration":624,"passed_time":0.344738443,"remaining_time":0.2068430658},
{"learn":[0.03620151633],"iteration":625,"passed_time":0.3453334926,"remaining_time":0.2063174541},
{"learn":[0.03601885938],"iteration":626,"passed_time":0.3458997217,"remaining_time":0.2057744756},
{"learn":[0.03586185746],"iteration":627,"passed_time":0.3464602579,"remaining_time":0.2052280509},
{"learn":[0.03569822328],"iteration":628,"passed_time":0.3469654274,"remaining_time":0.2046489246},
{"learn":[0.0355816451],"iteration":629,"passed_time":0.3475209735,"remaining_time":0.2040996194},
{"learn":[0.03546740695],"iteration":630,"passed_time":0.3480956888,"remaining_time":0.2035615042},
{"learn":[0.03540498796],"iteration":631,"passed_time":0.3485918251,"remaining_time":0.2029775184},
{"learn":[0.03524528747],"iteration":632,"passed_time":0.3491093401,"remaining_time":0.2024062051},
{"learn":[0.03513938065],"iteration":633,"passed_time":0.3496582199,"remaining_time":0.201853168},
{"learn":[0.03498886149],"iteration":634,"passed_time":0.3501785375,"remaining_time":0.2012837263},
{"learn":[0.03488580274],"iteration":635,"passed_time":0.3507428957,"remaining_time":0.2007396447},
{"learn":[0.03471343254],"iteration":636,"passed_time":0.3513427709,"remaining_time":0.2002157391},
{"learn":[0.03461222586],"iteration":637,"passed_time":0.3519504523,"remaining_time":0.1996960247},
{"learn":[0.03446695199],"iteration":638,"passed_time":0.3525892211,"remaining_time":0.1991935975},
{"learn":[0.03429583092],"iteration":639,"passed_time":0.3532897406,"remaining_time":0.1987254791},
{"learn":[0.03419720726],"iteration":640,"passed_time":0.3543272508,"remaining_time":0.1984453714},
{"learn":[0.03412001442],"iteration":641,"passed_time":0.3550091226,"remaining_time":0.1979645886},
{"learn":[0.03404396005],"iteration":642,"passed_time":0.3556796054,"remaining_time":0.1974768571},
{"learn":[0.03387670213],"iteration":643,"passed_time":0.3563449604,"remaining_time":0.1969857235},
{"learn":[0.03383155511],"iteration":644,"passed_time":0.3569995845,"remaining_time":0.1964881434},
{"learn":[0.033785653],"iteration":645,"passed_time":0.3575949392,"remaining_time":0.1959575983},
{"learn":[0.03374038378],"iteration":646,"passed_time":0.3587279475,"remaining_time":0.1957201939},
{"learn":[0.03358737208],"iteration":647,"passed_time":0.3596511376,"remaining_time":0.1953660501},
{"learn":[0.03351608881],"iteration":648,"passed_time":0.3603391054,"remaining_time":0.1948829368},
{"learn":[0.03347132599],"iteration":649,"passed_time":0.3609824171,"remaining_time":0.1943751477},
{"learn":[0.03340119974],"iteration":650,"passed_time":0.3617118669,"remaining_time":0.1939131206},
{"learn":[0.03322531396],"iteration":651,"passed_time":0.3624144886,"remaining_time":0.1934359541},
{"learn":[0.03313060455],"iteration":652,"passed_time":0.3630947855,"remaining_time":0.1929462336},
{"learn":[0.03308000392],"iteration":653,"passed_time":0.3637969123,"remaining_time":0.1924674796},
{"learn":[0.03293158604],"iteration":654,"passed_time":0.364543616,"remaining_time":0.1920115229},
{"learn":[0.03288188038],"iteration":655,"passed_time":0.3658209426,"remaining_time":0.1918329333},
{"learn":[0.03274606054],"iteration":656,"passed_time":0.3664955707,"remaining_time":0.1913363482},
{"learn":[0.03265637735],"iteration":657,"passed_time":0.3670700561,"remaining_time":0.190787172},
{"learn":[0.03249776929],"iteration":658,"passed_time":0.3677845464,"remaining_time":0.1903103647},
{"learn":[0.03239824678],"iteration":659,"passed_time":0.3683425375,"remaining_time":0.1897522163},
{"learn":[0.03230137674],"iteration":660,"passed_time":0.3689378979,"remaining_time":0.1892132336},
{"learn":[0.0322236773],"iteration":661,"passed_time":0.3694953352,"remaining_time":0.188654718},
{"learn":[0.03212987713],"iteration":662,"passed_time":0.3700135353,"remaining_time":0.1880762615},
{"learn":[0.0320441695],"iteration":663,"passed_time":0.3705343218,"remaining_time":0.1874992954},
{"learn":[0.03195337013],"iteration":664,"passed_time":0.3710822895,"remaining_time":0.1869361909},
{"learn":[0.03180882572],"iteration":665,"passed_time":0.3719524393,"remaining_time":0.1865347068},
{"learn":[0.03173400739],"iteration":666,"passed_time":0.3726534101,"remaining_time":0.1860473547},
{"learn":[0.03164125297],"iteration":667,"passed_time":0.3735321203,"remaining_time":0.1856477005},
{"learn":[0.03155403448],"iteration":668,"passed_time":0.3745749125,"remaining_time":0.1853277967},
{"learn":[0.03144671561],"iteration":669,"passed_time":0.3753957508,"remaining_time":0.1848964146},
{"learn":[0.0313610622],"iteration":670,"passed_time":0.3761280693,"remaining_time":0.1844204691},
{"learn":[0.03128044939],"iteration":671,"passed_time":0.3769876299,"remaining_time":0.184005867},
{"learn":[0.03117455067],"iteration":672,"passed_time":0.3780143462,"remaining_time":0.1836711608},
{"learn":[0.03110355994],"iteration":673,"passed_time":0.3787842213,"remaining_time":0.1832101723},
{"learn":[0.03098013278],"iteration":674,"passed_time":0.3797364542,"remaining_time":0.1828360706},
{"learn":[0.03085934943],"iteration":675,"passed_time":0.3805837158,"remaining_time":0.1824099466},
{"learn":[0.03075486071],"iteration":676,"passed_time":0.3815378948,"remaining_time":0.1820335894},
{"learn":[0.03063656988],"iteration":677,"passed_time":0.3824154425,"remaining_time":0.1816191335},
{"learn":[0.03060322799],"iteration":678,"passed_time":0.3829885088,"remaining_time":0.1810593687},
{"learn":[0.0305004391],"iteration":679,"passed_time":0.38350768,"remaining_time":0.1804742023},
{"learn":[0.0303847329],"iteration":680,"passed_time":0.3840408456,"remaining_time":0.1798957852},
{"learn":[0.03028525636],"iteration":681,"passed_time":0.3845516546,"remaining_time":0.1793070765},
{"learn":[0.03017201949],"iteration":682,"passed_time":0.3850260639,"remaining_time":0.1787017017},
{"learn":[0.03004730145],"iteration":683,"passed_time":0.3855062297,"remaining_time":0.1780993693},
{"learn":[0.02997240096],"iteration":684,"passed_time":0.3860119165,"remaining_time":0.1775091295},
{"learn":[0.0298509071],"iteration":685,"passed_time":0.3864903448,"remaining_time":0.1769066593},
{"learn":[0.02978829111],"iteration":686,"passed_time":0.3871489354,"remaining_time":0.1763866329},
{"learn":[0.02966980982],"iteration":687,"passed_time":0.3877662763,"remaining_time":0.1758474974},
{"learn":[0.02960806191],"iteration":688,"passed_time":0.3883433873,"remaining_time":0.175289976},
{"learn":[0.02950066881],"iteration":689,"passed_time":0.3889392286,"remaining_time":0.1747408128},
{"learn":[0.02942817131],"iteration":690,"passed_time":0.3893967239,"remaining_time":0.1741296493},
{"learn":[0.02931573117],"iteration":691,"passed_time":0.3899138064,"remaining_time":0.1735454514},
{"learn":[0.02924431445],"iteration":692,"passed_time":0.3905209957,"remaining_time":0.1730013646},
{"learn":[0.02917396617],"iteration":693,"passed_time":0.3909846776,"remaining_time":0.1723938204},
{"learn":[0.02906192667],"iteration":694,"passed_time":0.3915299064,"remaining_time":0.1718224769},
{"learn":[0.02899266032],"iteration":695,"passed_time":0.3921442377,"remaining_time":0.1712813912},
{"learn":[0.02888430332],"iteration":696,"passed_time":0.39336319,"remaining_time":0.1710029362},
{"learn":[0.0288160527],"iteration":697,"passed_time":0.3939871959,"remaining_time":0.1704643742},
{"learn":[0.02871035693],"iteration":698,"passed_time":0.3945673181,"remaining_time":0.1699066706},
{"learn":[0.02864309992],"iteration":699,"passed_time":0.3953202989,"remaining_time":0.1694229852},
{"learn":[0.02857684113],"iteration":700,"passed_time":0.3959531594,"remaining_time":0.1688872962},
{"learn":[0.02846091828],"iteration":701,"passed_time":0.3965932016,"remaining_time":0.168354379},
{"learn":[0.02839508883],"iteration":702,"passed_time":0.3975131322,"remaining_time":0.1679394029},
{"learn":[0.02833023841],"iteration":703,"passed_time":0.3985565411,"remaining_time":0.1675749093},
{"learn":[0.02821704617],"iteration":704,"passed_time":0.3994578348,"remaining_time":0.1671490231},
{"learn":[0.02815323532],"iteration":705,"passed_time":0.4001366957,"remaining_time":0.1666291622},
{"learn":[0.02808969232],"iteration":706,"passed_time":0.4008029132,"remaining_time":0.1661036119},
{"learn":[0.02797918369],"iteration":707,"passed_time":0.401449192,"remaining_time":0.1655694408},
{"learn":[0.02791675146],"iteration":708,"passed_time":0.4020109135,"remaining_time":0.165000248},
{"learn":[0.02785464664],"iteration":709,"passed_time":0.402541327,"remaining_time":0.1644182885},
{"learn":[0.02774221717],"iteration":710,"passed_time":0.4030830128,"remaining_time":0.1638410558},
{"learn":[0.0276812149],"iteration":711,"passed_time":0.4036903447,"remaining_time":0.1632904765},
{"learn":[0.02762024052],"iteration":712,"passed_time":0.4041990891,"remaining_time":0.1627000541},
{"learn":[0.02751461461],"iteration":713,"passed_time":0.4048651461,"remaining_time":0.1621728736},
{"learn":[0.02745493026],"iteration":714,"passed_time":0.4054726477,"remaining_time":0.1616219645},
{"learn":[0.02731155472],"iteration":715,"passed_time":0.4061779059,"remaining_time":0.1611096722},
{"learn":[0.02720484637],"iteration":716,"passed_time":0.4070486187,"remaining_time":0.1606621466},
{"learn":[0.02713218978],"iteration":717,"passed_time":0.4077640208,"remaining_time":0.1601524427},
{"learn":[0.0270607182],"iteration":718,"passed_time":0.4082886806,"remaining_time":0.1595676206},
{"learn":[0.02692063254],"iteration":719,"passed_time":0.4088067822,"remaining_time":0.1589804153},
{"learn":[0.0268171964],"iteration":720,"passed_time":0.4092704184,"remaining_time":0.1583723256},
{"learn":[0.0267591876],"iteration":721,"passed_time":0.4098224913,"remaining_time":0.1577986878},
{"learn":[0.02662255615],"iteration":722,"passed_time":0.410397317,"remaining_time":0.1572338269},
{"learn":[0.02650095837],"iteration":723,"passed_time":0.4108892789,"remaining_time":0.1566373494},
{"learn":[0.02638252958],"iteration":724,"passed_time":0.4113689417,"remaining_time":0.1560364951},
{"learn":[0.02626508802],"iteration":725,"passed_time":0.4119415996,"remaining_time":0.155471072},
{"learn":[0.02614753461],"iteration":726,"passed_time":0.412502829,"remaining_time":0.1549013374},
{"learn":[0.02607528429],"iteration":727,"passed_time":0.4129812585,"remaining_time":0.15430069},
{"learn":[0.02600434419],"iteration":728,"passed_time":0.4134916071,"remaining_time":0.1537122435},
{"learn":[0.02593468764],"iteration":729,"passed_time":0.4139593256,"remaining_time":0.1531082437},
{"learn":[0.02582023649],"iteration":730,"passed_time":0.4144190617,"remaining_time":0.1525016793},
{"learn":[0.0257517387],"iteration":731,"passed_time":0.4149606647,"remaining_time":0.1519254892},
{"learn":[0.02563214547],"iteration":732,"passed_time":0.4154626295,"remaining_time":0.1513349551},
{"learn":[0.02551952413],"iteration":733,"passed_time":0.4159567565,"remaining_time":0.1507418218},
{"learn":[0.02545203982],"iteration":734,"passed_time":0.4164729093,"remaining_time":0.1501568993},
{"learn":[0.02538576569],"iteration":735,"passed_time":0.4170081458,"remaining_time":0.1495790088},
{"learn":[0.02531959971],"iteration":736,"passed_time":0.4176070043,"remaining_time":0.1490239378},
{"learn":[0.02529328092],"iteration":737,"passed_time":0.4180823189,"remaining_time":0.1484248883},
{"learn":[0.0252673096],"iteration":738,"passed_time":0.4185326026,"remaining_time":0.1478173333},
{"learn":[0.02520309493],"iteration":739,"passed_time":0.4190030949,"remaining_time":0.1472173036},
{"learn":[0.02514713659],"iteration":740,"passed_time":0.4195162605,"remaining_time":0.1466325391},
{"learn":[0.02503652384],"iteration":741,"passed_time":0.4200148053,"remaining_time":0.1460428838},
{"learn":[0.02501115171],"iteration":742,"passed_time":0.4204993397,"remaining_time":0.1454486276},
{"learn":[0.02495563321],"iteration":743,"passed_time":0.4210430565,"remaining_time":0.1448750302},
{"learn":[0.02484713303],"iteration":744,"passed_time":0.4214902629,"remaining_time":0.1442684792},
{"learn":[0.02482220355],"iteration":745,"passed_time":0.4220208417,"remaining_time":0.1436907424},
{"learn":[0.02476739303],"iteration":746,"passed_time":0.4225805467,"remaining_time":0.1431229964},
{"learn":[0.02465270201],"iteration":747,"passed_time":0.4231902731,"remaining_time":0.1425721241},
{"learn":[0.02454476121],"iteration":748,"passed_time":0.4237646163,"remaining_time":0.1420092372},
{"learn":[0.02449059579],"iteration":749,"passed_time":0.4243019555,"remaining_time":0.1414339852},
{"learn":[0.02437430856],"iteration":750,"passed_time":0.4250394114,"remaining_time":0.1409251844},
{"learn":[0.02434991148],"iteration":751,"passed_time":0.4256614974,"remaining_time":0.1403777279},
{"learn":[0.02424021076],"iteration":752,"passed_time":0.4262644898,"remaining_time":0.1398238101},
{"learn":[0.02418656287],"iteration":753,"passed_time":0.4267217433,"remaining_time":0.1392222133},
{"learn":[0.02407371358],"iteration":754,"passed_time":0.4272993212,"remaining_time":0.1386600446},
{"learn":[0.02400551457],"iteration":755,"passed_time":0.4277872456,"remaining_time":0.1380688994},
{"learn":[0.02393925105],"iteration":756,"passed_time":0.4283686355,"remaining_time":0.1375080296},
{"learn":[0.02388634324],"iteration":757,"passed_time":0.4288938747,"remaining_time":0.136929179},
{"learn":[0.0238342583],"iteration":758,"passed_time":0.4294777621,"remaining_time":0.1363690918},
{"learn":[0.02367891796],"iteration":759,"passed_time":0.4300841097,"remaining_time":0.1358160346},
{"learn":[0.02359881587],"iteration":760,"passed_time":0.4306958887,"remaining_time":0.1352645432},
{"learn":[0.02352007493],"iteration":761,"passed_time":0.4312643197,"remaining_time":0.1346993544},
{"learn":[0.02338920125],"iteration":762,"passed_time":0.4318760614,"remaining_time":0.1341476102},
{"learn":[0.02331246812],"iteration":763,"passed_time":0.4324615865,"remaining_time":0.1335876105},
{"learn":[0.02326258614],"iteration":764,"passed_time":0.4329866115,"remaining_time":0.1330089591},
{"learn":[0.0231874935],"iteration":765,"passed_time":0.4334740385,"remaining_time":0.1324189622},
{"learn":[0.02311366242],"iteration":766,"passed_time":0.4340433352,"remaining_time":0.1318541031},
{"learn":[0.02306523537],"iteration":767,"passed_time":0.4345241425,"remaining_time":0.1312625014},
{"learn":[0.02299297098],"iteration":768,"passed_time":0.43513607,"remaining_time":0.130710575},
{"learn":[0.02292191139],"iteration":769,"passed_time":0.435762175,"remaining_time":0.1301627276},
{"learn":[0.02287488774],"iteration":770,"passed_time":0.4364340818,"remaining_time":0.1296282811},
{"learn":[0.02280532537],"iteration":771,"passed_time":0.436981241,"remaining_time":0.1290566359},
{"learn":[0.02272330423],"iteration":772,"passed_time":0.4374964908,"remaining_time":0.1284756836},
{"learn":[0.02265486426],"iteration":773,"passed_time":0.4380318731,"remaining_time":0.1279007795},
{"learn":[0.02260233215],"iteration":774,"passed_time":0.4385377205,"remaining_time":0.1273174027},
{"learn":[0.02252156555],"iteration":775,"passed_time":0.4390202864,"remaining_time":0.1267275054},
{"learn":[0.02245467322],"iteration":776,"passed_time":0.4395865015,"remaining_time":0.1261618917},
{"learn":[0.02238887031],"iteration":777,"passed_time":0.4402449463,"remaining_time":0.1256225939},
{"learn":[0.02231373756],"iteration":778,"passed_time":0.4407905828,"remaining_time":0.1250509869},
{"learn":[0.02224897983],"iteration":779,"passed_time":0.441392466,"remaining_time":0.1244953109},
{"learn":[0.0221960763],"iteration":780,"passed_time":0.4421241754,"remaining_time":0.1239759212},
{"learn":[0.02212200408],"iteration":781,"passed_time":0.4426762835,"remaining_time":0.1234059205},
{"learn":[0.02205858421],"iteration":782,"passed_time":0.4433039974,"remaining_time":0.1228569188},
{"learn":[0.02199617847],"iteration":783,"passed_time":0.4439647391,"remaining_time":0.1223168159},
{"learn":[0.0219525743],"iteration":784,"passed_time":0.4445553673,"remaining_time":0.1217572025},
{"learn":[0.02187953403],"iteration":785,"passed_time":0.4453080013,"remaining_time":0.1212416187},
{"learn":[0.02181646166],"iteration":786,"passed_time":0.4458926795,"remaining_time":0.1206799755},
{"learn":[0.02177354547],"iteration":787,"passed_time":0.4463602903,"remaining_time":0.1200867786},
{"learn":[0.02170839462],"iteration":788,"passed_time":0.4468673879,"remaining_time":0.1195044599},
{"learn":[0.02164630333],"iteration":789,"passed_time":0.4473465381,"remaining_time":0.1189149025},
{"learn":[0.02154422855],"iteration":790,"passed_time":0.4478849093,"remaining_time":0.1183412719},
{"learn":[0.02147382118],"iteration":791,"passed_time":0.4484280154,"remaining_time":0.1177689737},
{"learn":[0.02143136363],"iteration":792,"passed_time":0.4489324217,"remaining_time":0.1171866473},
{"learn":[0.02133252517],"iteration":793,"passed_time":0.449672514,"remaining_time":0.1166656648},
{"learn":[0.02125977262],"iteration":794,"passed_time":0.4501846444,"remaining_time":0.1160853486},
{"learn":[0.02121775313],"iteration":795,"passed_time":0.4507234328,"remaining_time":0.1155120355},
{"learn":[0.02112216662],"iteration":796,"passed_time":0.4513616494,"remaining_time":0.114964134},
{"learn":[0.02105132951],"iteration":797,"passed_time":0.4519051728,"remaining_time":0.1143920362},
{"learn":[0.02100098724],"iteration":798,"passed_time":0.4524085488,"remaining_time":0.1138099103},
{"learn":[0.0209084322],"iteration":799,"passed_time":0.4528792841,"remaining_time":0.113219821},
{"learn":[0.02076539148],"iteration":800,"passed_time":0.4533601718,"remaining_time":0.1126325521},
{"learn":[0.02072401057],"iteration":801,"passed_time":0.4539397515,"remaining_time":0.1120699137},
{"learn":[0.0205845008],"iteration":802,"passed_time":0.4545411875,"remaining_time":0.1115125952},
{"learn":[0.02054355387],"iteration":803,"passed_time":0.455057711,"remaining_time":0.1109344669},
{"learn":[0.02040747938],"iteration":804,"passed_time":0.4556440814,"remaining_time":0.110373411},
{"learn":[0.02036695818],"iteration":805,"passed_time":0.4560947439,"remaining_time":0.1097796282},
{"learn":[0.02023422607],"iteration":806,"passed_time":0.4565874774,"remaining_time":0.1091962616},
{"learn":[0.0201941228],"iteration":807,"passed_time":0.4571115329,"remaining_time":0.1086205623},
{"learn":[0.02006464283],"iteration":808,"passed_time":0.4576268291,"remaining_time":0.1080429226},
{"learn":[0.0200249501],"iteration":809,"passed_time":0.4581381547,"remaining_time":0.1074645054},
{"learn":[0.01989863466],"iteration":810,"passed_time":0.4586309067,"remaining_time":0.1068819252},
{"learn":[0.01985934546],"iteration":811,"passed_time":0.4591465877,"remaining_time":0.106304875},
{"learn":[0.01973610942],"iteration":812,"passed_time":0.4596205245,"remaining_time":0.105718374},
{"learn":[0.01969721712],"iteration":813,"passed_time":0.4601109931,"remaining_time":0.1051359272},
{"learn":[0.01959649968],"iteration":814,"passed_time":0.4606482923,"remaining_time":0.1045643363},
{"learn":[0.0195568258],"iteration":815,"passed_time":0.4611574436,"remaining_time":0.1039864824},
{"learn":[0.01946597168],"iteration":816,"passed_time":0.4616254885,"remaining_time":0.1033995892},
{"learn":[0.01937281478],"iteration":817,"passed_time":0.4621424225,"remaining_time":0.1028238642},
{"learn":[0.01929099457],"iteration":818,"passed_time":0.4626562247,"remaining_time":0.1022475906},
{"learn":[0.01918161085],"iteration":819,"passed_time":0.4633783788,"remaining_time":0.1017172051},
{"learn":[0.0191349042],"iteration":820,"passed_time":0.4638807806,"remaining_time":0.1011384406},
{"learn":[0.01904529984],"iteration":821,"passed_time":0.4644208483,"remaining_time":0.1005680182},
{"learn":[0.01896711648],"iteration":822,"passed_time":0.4649333752,"remaining_time":0.09999174654},
{"learn":[0.01887945121],"iteration":823,"passed_time":0.4654570543,"remaining_time":0.09941801159},
{"learn":[0.01883390591],"iteration":824,"passed_time":0.4659450976,"remaining_time":0.09883683888},
{"learn":[0.01878918627],"iteration":825,"passed_time":0.4664682029,"remaining_time":0.09826327761},
{"learn":[0.01868519581],"iteration":826,"passed_time":0.4670546874,"remaining_time":0.09770309665},
{"learn":[0.01859843073],"iteration":827,"passed_time":0.4675543483,"remaining_time":0.09712481631},
{"learn":[0.01849685393],"iteration":828,"passed_time":0.4681643942,"remaining_time":0.09656949507},
{"learn":[0.01843591286],"iteration":829,"passed_time":0.4686787539,"remaining_time":0.09599444356},
{"learn":[0.01833279218],"iteration":830,"passed_time":0.4691560786,"remaining_time":0.09541200636},
{"learn":[0.01828671614],"iteration":831,"passed_time":0.4697051967,"remaining_time":0.09484431857},
{"learn":[0.01821493574],"iteration":832,"passed_time":0.4701905968,"remaining_time":0.09426390117},
{"learn":[0.01817363268],"iteration":833,"passed_time":0.4707784336,"remaining_time":0.0937041007},
{"learn":[0.01807326515],"iteration":834,"passed_time":0.471313283,"remaining_time":0.09313376251},
{"learn":[0.0180153227],"iteration":835,"passed_time":0.4719498643,"remaining_time":0.0925834662},
{"learn":[0.01791738029],"iteration":836,"passed_time":0.4726786105,"remaining_time":0.09205091221},
{"learn":[0.01787345805],"iteration":837,"passed_time":0.4733370214,"remaining_time":0.09150429292},
{"learn":[0.01783958743],"iteration":838,"passed_time":0.4740145833,"remaining_time":0.09096108214},
{"learn":[0.01776357967],"iteration":839,"passed_time":0.4746386694,"remaining_time":0.09040736559},
{"learn":[0.01767763233],"iteration":840,"passed_time":0.4753760924,"remaining_time":0.08987490927},
{"learn":[0.01763489831],"iteration":841,"passed_time":0.4760137148,"remaining_time":0.08932323865},
{"learn":[0.01759592478],"iteration":842,"passed_time":0.4765579141,"remaining_time":0.08875396503},
{"learn":[0.01751647776],"iteration":843,"passed_time":0.4774414346,"remaining_time":0.08824746895},
{"learn":[0.01743887426],"iteration":844,"passed_time":0.4780635073,"remaining_time":0.08769212263},
{"learn":[0.01739785392],"iteration":845,"passed_time":0.4787751241,"remaining_time":0.08715291858},
{"learn":[0.01732223338],"iteration":846,"passed_time":0.4792925078,"remaining_time":0.0865782216},
{"learn":[0.01728220762],"iteration":847,"passed_time":0.4798253919,"remaining_time":0.08600643817},
{"learn":[0.01720684297],"iteration":848,"passed_time":0.4803285773,"remaining_time":0.08542946427},
{"learn":[0.01717355273],"iteration":849,"passed_time":0.4809304105,"remaining_time":0.08487007244},
{"learn":[0.01710026332],"iteration":850,"passed_time":0.4816191231,"remaining_time":0.08432579241},
{"learn":[0.01705095094],"iteration":851,"passed_time":0.4822462591,"remaining_time":0.08377047694},
{"learn":[0.01698826724],"iteration":852,"passed_time":0.482918475,"remaining_time":0.08322276182},
{"learn":[0.01689700253],"iteration":853,"passed_time":0.4834796455,"remaining_time":0.08265577078},
{"learn":[0.01687147673],"iteration":854,"passed_time":0.4840760542,"remaining_time":0.08209476943},
{"learn":[0.01684657555],"iteration":855,"passed_time":0.4847978539,"remaining_time":0.08155477916},
{"learn":[0.01679284752],"iteration":856,"passed_time":0.4854819932,"remaining_time":0.08100808055},
{"learn":[0.01676118806],"iteration":857,"passed_time":0.4861991448,"remaining_time":0.08046652513},
{"learn":[0.01670863169],"iteration":858,"passed_time":0.4869722705,"remaining_time":0.07993374871},
{"learn":[0.01659805961],"iteration":859,"passed_time":0.4881008661,"remaining_time":0.07945828053},
{"learn":[0.01653370007],"iteration":860,"passed_time":0.4888081568,"remaining_time":0.07891327967},
{"learn":[0.01650965251],"iteration":861,"passed_time":0.4895159529,"remaining_time":0.07836798317},
{"learn":[0.01644169128],"iteration":862,"passed_time":0.4901206996,"remaining_time":0.07780595115},
{"learn":[0.01641829292],"iteration":863,"passed_time":0.4907792574,"remaining_time":0.07725229051},
{"learn":[0.01639546339],"iteration":864,"passed_time":0.4914432441,"remaining_time":0.07669923464},
{"learn":[0.01634403566],"iteration":865,"passed_time":0.4921677615,"remaining_time":0.07615528873},
{"learn":[0.0162934566],"iteration":866,"passed_time":0.4928114756,"remaining_time":0.07559853085},
{"learn":[0.01623739634],"iteration":867,"passed_time":0.493411398,"remaining_time":0.07503491306},
{"learn":[0.01619927499],"iteration":868,"passed_time":0.4940505548,"remaining_time":0.07447712621},
{"learn":[0.01612963587],"iteration":869,"passed_time":0.4946961893,"remaining_time":0.07392012024},
{"learn":[0.01608102207],"iteration":870,"passed_time":0.4953444638,"remaining_time":0.07336330175},
{"learn":[0.01602762361],"iteration":871,"passed_time":0.4960219296,"remaining_time":0.07281055848},
{"learn":[0.0159905299],"iteration":872,"passed_time":0.4966511055,"remaining_time":0.07225050446},
{"learn":[0.01596125479],"iteration":873,"passed_time":0.4972326868,"remaining_time":0.07168343082},
{"learn":[0.01585869095],"iteration":874,"passed_time":0.4978005304,"remaining_time":0.07111436148},
{"learn":[0.0157881274],"iteration":875,"passed_time":0.498475518,"remaining_time":0.07056046145},
{"learn":[0.01574077649],"iteration":876,"passed_time":0.4990893267,"remaining_time":0.06999770489},
{"learn":[0.01567206292],"iteration":877,"passed_time":0.4997225969,"remaining_time":0.06943753625},
{"learn":[0.01561794105],"iteration":878,"passed_time":0.5003406089,"remaining_time":0.06887510089},
{"learn":[0.01558553899],"iteration":879,"passed_time":0.5010313761,"remaining_time":0.06832246037},
{"learn":[0.01551923587],"iteration":880,"passed_time":0.5015838518,"remaining_time":0.06775082674},
{"learn":[0.01549455913],"iteration":881,"passed_time":0.5022085877,"remaining_time":0.06718890402},
{"learn":[0.01543180341],"iteration":882,"passed_time":0.5027614429,"remaining_time":0.06661731464},
{"learn":[0.01540735576],"iteration":883,"passed_time":0.5033871739,"remaining_time":0.06605533052},
{"learn":[0.01535503358],"iteration":884,"passed_time":0.5039147091,"remaining_time":0.06548044243},
{"learn":[0.01533088628],"iteration":885,"passed_time":0.504406321,"remaining_time":0.06490103905},
{"learn":[0.01528507294],"iteration":886,"passed_time":0.5049116223,"remaining_time":0.06432357758},
{"learn":[0.01524211238],"iteration":887,"passed_time":0.5054067599,"remaining_time":0.06374499675},
{"learn":[0.01518008879],"iteration":888,"passed_time":0.505897018,"remaining_time":0.06316599437},
{"learn":[0.01515636836],"iteration":889,"passed_time":0.5064056768,"remaining_time":0.06258946567},
{"learn":[0.01513295255],"iteration":890,"passed_time":0.5069074134,"remaining_time":0.06201224249},
{"learn":[0.01507407527],"iteration":891,"passed_time":0.5074987851,"remaining_time":0.06144604125},
{"learn":[0.01502358229],"iteration":892,"passed_time":0.5080455427,"remaining_time":0.06087443793},
{"learn":[0.01498165024],"iteration":893,"passed_time":0.5085187019,"remaining_time":0.06029416376},
{"learn":[0.01494699406],"iteration":894,"passed_time":0.5089949275,"remaining_time":0.0597144887},
{"learn":[0.01492400679],"iteration":895,"passed_time":0.5095130166,"remaining_time":0.05913990372},
{"learn":[0.01488087768],"iteration":896,"passed_time":0.5100032687,"remaining_time":0.05856224825},
{"learn":[0.01483973359],"iteration":897,"passed_time":0.510505035,"remaining_time":0.05798609529},
{"learn":[0.01481883162],"iteration":898,"passed_time":0.5110897613,"remaining_time":0.05741942813},
{"learn":[0.01479822583],"iteration":899,"passed_time":0.5116908917,"remaining_time":0.05685454353},
{"learn":[0.01474374885],"iteration":900,"passed_time":0.512220015,"remaining_time":0.05628166647},
{"learn":[0.01472103743],"iteration":901,"passed_time":0.5127644626,"remaining_time":0.05571055137},
{"learn":[0.01469866411],"iteration":902,"passed_time":0.5132946863,"remaining_time":0.05513796741},
{"learn":[0.01467657939],"iteration":903,"passed_time":0.5137518296,"remaining_time":0.05455771642},
{"learn":[0.01463716153],"iteration":904,"passed_time":0.5143061128,"remaining_time":0.05398793449},
{"learn":[0.01461688355],"iteration":905,"passed_time":0.5148211375,"remaining_time":0.05341411361},
{"learn":[0.01459689315],"iteration":906,"passed_time":0.5153196988,"remaining_time":0.05283873428},
{"learn":[0.01455164652],"iteration":907,"passed_time":0.5157773619,"remaining_time":0.05225938028},
{"learn":[0.01446847401],"iteration":908,"passed_time":0.5162989416,"remaining_time":0.05168669272},
{"learn":[0.01444716553],"iteration":909,"passed_time":0.5168523963,"remaining_time":0.05111726996},
{"learn":[0.01439209867],"iteration":910,"passed_time":0.5173834468,"remaining_time":0.05054569349},
{"learn":[0.01435352844],"iteration":911,"passed_time":0.5179382642,"remaining_time":0.04997649918},
{"learn":[0.01433406237],"iteration":912,"passed_time":0.5183883917,"remaining_time":0.04939736043},
{"learn":[0.01431320266],"iteration":913,"passed_time":0.5188458602,"remaining_time":0.04881919472},
{"learn":[0.01428541438],"iteration":914,"passed_time":0.5193080593,"remaining_time":0.04824173228},
{"learn":[0.01420540112],"iteration":915,"passed_time":0.5198020861,"remaining_time":0.04766744021},
{"learn":[0.01418493975],"iteration":916,"passed_time":0.5202583209,"remaining_time":0.04708990255},
{"learn":[0.01411045314],"iteration":917,"passed_time":0.5208890668,"remaining_time":0.0465282173},
{"learn":[0.01406438794],"iteration":918,"passed_time":0.521368322,"remaining_time":0.04595302947},
{"learn":[0.01402697778],"iteration":919,"passed_time":0.5218379218,"remaining_time":0.04537721059},
{"learn":[0.01399845807],"iteration":920,"passed_time":0.522369239,"remaining_time":0.04480691627},
{"learn":[0.01395321951],"iteration":921,"passed_time":0.5228725461,"remaining_time":0.04423433687},
{"learn":[0.01392523979],"iteration":922,"passed_time":0.5234125593,"remaining_time":0.04366496974},
{"learn":[0.01388183419],"iteration":923,"passed_time":0.5239405591,"remaining_time":0.04309467802},
{"learn":[0.01386391408],"iteration":924,"passed_time":0.5245089328,"remaining_time":0.04252775131},
{"learn":[0.01382124953],"iteration":925,"passed_time":0.5251408611,"remaining_time":0.04196590035},
{"learn":[0.01374505483],"iteration":926,"passed_time":0.525820553,"remaining_time":0.04140765951},
{"learn":[0.01365800721],"iteration":927,"passed_time":0.5263866074,"remaining_time":0.04084034023},
{"learn":[0.01364225313],"iteration":928,"passed_time":0.526944108,"remaining_time":0.04027236994},
{"learn":[0.01363140064],"iteration":929,"passed_time":0.5275533788,"remaining_time":0.03970831883},
{"learn":[0.01359350563],"iteration":930,"passed_time":0.5284281683,"remaining_time":0.03916384921},
{"learn":[0.01353579041],"iteration":931,"passed_time":0.5291216155,"remaining_time":0.03860543976},
{"learn":[0.01346260605],"iteration":932,"passed_time":0.5299153183,"remaining_time":0.03805394033},
{"learn":[0.01344744131],"iteration":933,"passed_time":0.5306271438,"remaining_time":0.0374961365},
{"learn":[0.01343247541],"iteration":934,"passed_time":0.5313110613,"remaining_time":0.03693606309},
{"learn":[0.01336145609],"iteration":935,"passed_time":0.5320992622,"remaining_time":0.03638285554},
{"learn":[0.01332558694],"iteration":936,"passed_time":0.5329336418,"remaining_time":0.03583225126},
{"learn":[0.01329035405],"iteration":937,"passed_time":0.533596199,"remaining_time":0.0352696848},
{"learn":[0.01322195422],"iteration":938,"passed_time":0.534295826,"remaining_time":0.03470931351},
{"learn":[0.01315530339],"iteration":939,"passed_time":0.5348990635,"remaining_time":0.03414249341},
{"learn":[0.01311785984],"iteration":940,"passed_time":0.5356226014,"remaining_time":0.03358313867},
{"learn":[0.01309962223],"iteration":941,"passed_time":0.5363038741,"remaining_time":0.03302083301},
{"learn":[0.01307417137],"iteration":942,"passed_time":0.5368609379,"remaining_time":0.03245076719},
{"learn":[0.01306508447],"iteration":943,"passed_time":0.5379801263,"remaining_time":0.03191407529},
{"learn":[0.01299980041],"iteration":944,"passed_time":0.5390421585,"remaining_time":0.03137282404},
{"learn":[0.01299087908],"iteration":945,"passed_time":0.5398425163,"remaining_time":0.03081553476},
{"learn":[0.01297306934],"iteration":946,"passed_time":0.5406534766,"remaining_time":0.03025832551},
{"learn":[0.01290866981],"iteration":947,"passed_time":0.5412909008,"remaining_time":0.02969106207},
{"learn":[0.01284512127],"iteration":948,"passed_time":0.5418147621,"remaining_time":0.0291175478},
{"learn":[0.012827581],"iteration":949,"passed_time":0.54244103,"remaining_time":0.0285495279},
{"learn":[0.01276701352],"iteration":950,"passed_time":0.5432841292,"remaining_time":0.02799255766},
{"learn":[0.01273117688],"iteration":951,"passed_time":0.5440069019,"remaining_time":0.02742891942},
{"learn":[0.01267218252],"iteration":952,"passed_time":0.5447724805,"remaining_time":0.02686705832},
{"learn":[0.01265509103],"iteration":953,"passed_time":0.5454180965,"remaining_time":0.02629898579},
{"learn":[0.01263822064],"iteration":954,"passed_time":0.5459630246,"remaining_time":0.02572600639},
{"learn":[0.01258068117],"iteration":955,"passed_time":0.5465456631,"remaining_time":0.02515482131},
{"learn":[0.01254610241],"iteration":956,"passed_time":0.5471459607,"remaining_time":0.02458440576},
{"learn":[0.01249630447],"iteration":957,"passed_time":0.5476277313,"remaining_time":0.02400873144},
{"learn":[0.0124785027],"iteration":958,"passed_time":0.5481965992,"remaining_time":0.02343697661},
{"learn":[0.0124484691],"iteration":959,"passed_time":0.5487185393,"remaining_time":0.02286327247},
{"learn":[0.01239970833],"iteration":960,"passed_time":0.5492789982,"remaining_time":0.02229123926},
{"learn":[0.01238228081],"iteration":961,"passed_time":0.5497500895,"remaining_time":0.0217157},
{"learn":[0.01232701499],"iteration":962,"passed_time":0.5502543533,"remaining_time":0.0211416522},
{"learn":[0.01229746284],"iteration":963,"passed_time":0.5507420498,"remaining_time":0.02056713049},
{"learn":[0.01228515609],"iteration":964,"passed_time":0.5514657791,"remaining_time":0.0200013495},
{"learn":[0.01223113153],"iteration":965,"passed_time":0.552063671,"remaining_time":0.01943081244},
{"learn":[0.01220217482],"iteration":966,"passed_time":0.5526479712,"remaining_time":0.01885975496},
{"learn":[0.01215507724],"iteration":967,"passed_time":0.5532485159,"remaining_time":0.01828920714},
{"learn":[0.01214297102],"iteration":968,"passed_time":0.5538078829,"remaining_time":0.01771728005},
{"learn":[0.01209055973],"iteration":969,"passed_time":0.5543582106,"remaining_time":0.0171450993},
{"learn":[0.01206205918],"iteration":970,"passed_time":0.5549144399,"remaining_time":0.01657313981},
{"learn":[0.01201548846],"iteration":971,"passed_time":0.5553999649,"remaining_time":0.01599917594},
{"learn":[0.01200358333],"iteration":972,"passed_time":0.5559190764,"remaining_time":0.01542632586},
{"learn":[0.01199183511],"iteration":973,"passed_time":0.5564635136,"remaining_time":0.01485426217},
{"learn":[0.01195019405],"iteration":974,"passed_time":0.5572742152,"remaining_time":0.01428908244},
{"learn":[0.01192889635],"iteration":975,"passed_time":0.5579605516,"remaining_time":0.01372034143},
{"learn":[0.01189915027],"iteration":976,"passed_time":0.5586601602,"remaining_time":0.01315167214},
{"learn":[0.01187813267],"iteration":977,"passed_time":0.5591825984,"remaining_time":0.01257874966},
{"learn":[0.01183800079],"iteration":978,"passed_time":0.5597831082,"remaining_time":0.01200760498},
{"learn":[0.01180859924],"iteration":979,"passed_time":0.5603510226,"remaining_time":0.01143573516},
{"learn":[0.01178800531],"iteration":980,"passed_time":0.5609909215,"remaining_time":0.01086526759},
{"learn":[0.01177176031],"iteration":981,"passed_time":0.5616784988,"remaining_time":0.01029553257},
{"learn":[0.01175146241],"iteration":982,"passed_time":0.5622500956,"remaining_time":0.009723552009},
{"learn":[0.01172261861],"iteration":983,"passed_time":0.5627843519,"remaining_time":0.009150965072},
{"learn":[0.01168384234],"iteration":984,"passed_time":0.563510612,"remaining_time":0.008581379877},
{"learn":[0.01167579726],"iteration":985,"passed_time":0.5640306696,"remaining_time":0.008008549062},
{"learn":[0.01164735429],"iteration":986,"passed_time":0.5645589016,"remaining_time":0.007435932848},
{"learn":[0.0115931254],"iteration":987,"passed_time":0.5650641716,"remaining_time":0.00686312759},
{"learn":[0.01154573097],"iteration":988,"passed_time":0.5655992644,"remaining_time":0.006290790605},
{"learn":[0.01148688634],"iteration":989,"passed_time":0.5661958204,"remaining_time":0.005719149701},
{"learn":[0.01147104587],"iteration":990,"passed_time":0.5668398632,"remaining_time":0.005147889777},
{"learn":[0.01144355335],"iteration":991,"passed_time":0.5673721807,"remaining_time":0.004575582103},
{"learn":[0.01141214878],"iteration":992,"passed_time":0.5679111661,"remaining_time":0.004003401976},
{"learn":[0.011360055],"iteration":993,"passed_time":0.5685437736,"remaining_time":0.003431853764},
{"learn":[0.01131669171],"iteration":994,"passed_time":0.5692979216,"remaining_time":0.002860793576},
{"learn":[0.01127141671],"iteration":995,"passed_time":0.5700497459,"remaining_time":0.002289356409},
{"learn":[0.01124091348],"iteration":996,"passed_time":0.5706073354,"remaining_time":0.001716972925},
{"learn":[0.01119584316],"iteration":997,"passed_time":0.5715246361,"remaining_time":0.001145339952},
{"learn":[0.01118029555],"iteration":998,"passed_time":0.572295654,"remaining_time":0.0005728685225},
{"learn":[0.01113514391],"iteration":999,"passed_time":0.5729131006,"remaining_time":0}
]}